id,match_id,team_id,pens_attempt,pens_conceded,drops_attempt,kicks,passes,runs,meters,breaks,def_beaten,offloads,rucks_init,rucks_won,mall_init,mall_won,turnovers,tackles_made,tackles_missed,scrums_won_on_feed,scrums_lost_on_feed,lineouts_won_on_throw,lineouts_lost_on_throw,yellow_cards,red_cards
1,300725,4,3,,0,31,137,114,251,5,21,4,101,95,8,6,14,122,28,7,0,15,0,0,0
2,300725,1,2,,1,28,124,113,352,14,28,14,81,77,6,2,10,132,21,5,0,10,1,1,0
3,295107,2,2,,1,20,190,152,398,10,36,5,129,125,8,8,10,150,15,4,0,12,0,0,0
4,295107,4,3,,1,27,130,120,223,10,15,10,90,89,4,4,10,214,36,3,0,9,1,0,0
5,295106,20,4,,0,14,142,121,501,14,21,6,91,88,2,2,14,208,36,7,1,4,1,0,0
6,295106,3,0,,0,13,210,148,501,5,36,4,129,128,7,6,15,153,21,1,0,15,5,0,0
7,299414,3,3,5,0,30,208,164,373,6,24,5,133,129,4,4,11,188,24,7,0,11,2,0,0
8,299414,8,2,11,1,23,212,159,338,5,24,7,129,125,2,1,17,198,24,5,0,7,1,0,0
9,299076,4,5,,0,32,119,109,319,8,10,6,79,74,4,3,13,151,15,5,2,9,2,0,0
10,299076,6,2,,0,25,182,136,361,8,15,11,96,92,7,3,14,111,10,6,1,11,3,0,0
11,296609,1,5,,0,35,145,105,319,13,20,8,79,77,4,2,12,165,23,6,2,6,1,1,0
12,296610,1,0,,1,37,88,87,280,5,15,3,68,66,5,5,12,194,46,5,1,10,5,0,0
13,299411,3,4,,0,19,240,183,325,5,24,4,147,145,7,7,10,120,17,5,0,10,3,0,0
14,296609,5,3,,0,27,155,130,381,4,23,0,109,107,6,5,19,113,20,5,1,14,4,0,0
15,296610,8,2,,1,38,156,151,431,14,46,10,118,116,6,6,20,105,15,6,0,13,1,0,0
16,299413,20,2,,0,16,182,136,373,8,15,9,111,105,7,7,6,85,9,4,1,10,0,1,0
17,299411,10,4,,1,20,148,112,236,6,17,3,94,91,6,4,8,210,24,3,1,8,1,0,0
18,299413,81,2,,0,13,100,82,296,8,9,5,59,55,3,1,11,171,15,2,1,12,2,1,0
19,299412,9,5,,1,36,119,118,330,8,22,8,94,88,5,4,13,87,8,4,0,13,2,0,0
20,299412,5,5,,0,37,120,88,230,3,8,4,68,64,6,6,21,124,22,4,0,16,0,0,0
21,299077,4,2,,0,27,185,151,634,22,31,18,93,93,4,4,9,130,10,5,1,7,0,0,0
22,299077,16,1,,0,13,88,105,348,4,10,5,81,76,2,2,13,135,31,3,0,4,3,1,0
23,299065,7,1,,0,15,44,49,123,3,9,3,34,32,7,4,15,141,51,5,2,10,3,0,0
24,299065,15,0,,0,13,172,144,663,20,51,10,87,83,6,5,17,55,9,9,0,10,2,0,0
25,298660,11,3,11,0,25,97,107,317,8,20,0,80,78,5,5,10,147,25,5,1,12,0,1,0
26,298660,2,2,8,0,20,150,119,361,9,25,1,93,92,6,5,16,115,20,5,1,13,1,0,0
27,296319,8,3,,0,25,169,127,615,17,23,10,81,81,4,4,16,69,16,7,0,13,0,0,0
28,296319,9,3,,0,14,77,71,243,9,16,10,45,44,3,2,14,118,23,3,1,7,5,1,0
29,294422,2,2,,1,17,191,177,404,9,20,6,129,125,6,5,16,79,20,3,2,12,0,0,0
30,294422,8,1,,0,19,117,95,496,15,20,10,59,55,3,2,11,177,20,10,0,17,2,2,0
31,294421,1,2,,1,42,101,96,351,7,16,11,60,58,5,5,14,130,22,8,0,9,1,0,0
32,294421,6,3,,0,29,158,123,431,9,22,7,93,89,5,4,18,82,16,9,0,10,2,2,0
33,294985,4,4,,0,14,191,127,414,12,20,17,89,85,4,4,20,150,3,6,1,14,1,0,0
34,294985,6,2,,0,23,143,112,373,3,3,3,89,87,6,6,11,136,20,8,1,7,1,1,0
35,294312,6,3,,0,19,182,141,494,6,26,5,114,108,2,2,18,90,9,2,0,11,1,0,0
36,294312,8,2,,0,24,126,95,266,9,9,12,71,68,3,3,9,152,26,9,1,10,1,0,0
37,294310,6,4,,0,23,167,120,596,7,17,4,89,84,1,1,13,80,21,7,1,7,4,0,0
38,294310,5,4,,1,27,94,74,307,17,21,7,57,56,6,5,15,143,17,7,1,12,1,0,0
39,294432,23,4,,0,20,119,103,350,12,36,5,72,71,3,3,12,167,32,3,3,10,1,0,0
40,268593,8,1,,0,28,196,115,564,15,32,11,79,74,4,4,13,114,19,7,0,13,1,0,0
41,294432,6,0,,0,21,201,158,616,13,32,15,119,112,3,3,11,112,36,3,1,13,0,0,0
42,268593,5,1,,0,18,112,102,252,4,19,8,84,79,1,1,18,109,32,3,3,9,5,0,0
43,268591,8,2,,0,23,182,151,626,13,43,9,105,100,1,0,21,102,17,8,0,8,1,1,0
44,268591,10,5,,2,24,110,99,240,2,17,2,78,77,2,2,16,140,43,7,1,4,2,0,0
45,294311,6,1,,0,16,170,133,598,13,28,13,85,83,3,2,14,142,18,10,0,7,1,0,0
46,294311,10,4,,0,18,140,127,314,9,18,11,97,94,4,4,12,150,28,4,1,11,0,1,0
47,268589,8,0,6,0,9,197,149,537,17,32,9,106,103,4,4,18,94,14,9,0,13,0,0,0
48,268589,6,1,13,0,12,123,90,432,9,14,7,71,68,1,1,9,140,32,6,2,5,0,0,0
49,294729,14,6,15,0,17,100,99,357,5,32,8,63,60,1,1,12,81,9,6,1,9,1,2,0
50,294729,2,1,8,0,16,133,94,315,3,9,4,56,53,8,8,16,95,32,6,0,13,2,1,0
51,294306,6,2,,0,13,146,94,511,15,15,10,64,61,10,8,20,139,25,6,0,14,0,1,0
52,294306,14,1,,0,7,160,141,452,7,25,22,95,94,1,1,17,84,15,6,3,9,0,0,0
53,255031,3,2,10,0,24,164,146,337,4,16,4,114,113,8,5,13,107,10,7,0,13,1,0,0
54,255031,1,3,9,0,29,93,90,241,3,10,3,66,64,6,4,11,172,16,8,0,9,2,0,0
55,255021,4,1,10,1,25,167,145,399,10,17,7,118,117,5,5,16,185,23,4,1,11,0,0,0
56,255021,3,3,4,0,28,236,166,398,8,23,5,142,140,6,5,16,156,17,4,0,10,3,1,0
57,255007,20,0,16,0,28,105,95,344,6,18,4,64,62,3,3,12,153,24,7,0,7,2,1,0
58,255007,4,5,5,0,35,160,149,486,10,24,7,105,103,6,6,11,101,18,7,1,13,0,0,0
59,255003,2,2,9,0,19,145,133,311,6,9,4,107,105,4,3,13,242,32,1,0,10,2,0,0
60,255003,3,1,7,0,18,232,186,534,12,32,5,160,155,5,4,12,152,9,5,0,12,2,0,0
61,281441,1,4,,2,18,131,106,436,10,22,3,80,79,8,6,11,136,20,8,1,6,0,0,0
62,281441,6,4,,0,9,148,116,427,9,20,3,93,89,5,4,16,105,22,6,0,9,1,1,0
63,255005,1,5,,0,23,120,99,455,8,14,8,80,79,10,9,13,117,25,6,1,15,1,1,0
64,255005,9,4,,0,21,152,124,586,13,25,13,83,80,9,7,14,104,14,9,0,9,2,0,0
65,255011,4,3,10,0,17,176,140,334,10,18,1,125,123,2,1,11,189,17,2,1,8,1,0,0
66,255011,1,4,6,0,20,184,148,432,9,17,8,119,115,8,8,14,178,18,7,0,9,0,0,0
67,281439,3,2,3,0,23,175,130,326,11,20,9,101,100,9,7,10,94,21,9,1,15,1,0,0
68,281439,6,1,13,0,9,198,117,495,11,21,9,80,76,5,2,19,131,20,3,1,9,1,2,0
69,281645,3,3,4,0,18,258,170,361,4,24,8,157,152,6,6,15,93,23,7,0,18,2,0,0
70,281645,8,0,14,0,21,153,104,470,11,23,13,72,65,2,1,19,193,24,7,0,7,0,2,0
71,281437,9,3,,1,11,209,155,495,18,26,26,100,93,3,3,14,137,24,6,0,10,0,1,0
72,281437,6,2,,0,13,162,118,364,6,24,4,103,96,7,7,8,142,26,0,3,15,1,0,0
73,293999,12,3,19,0,24,76,76,271,7,19,7,55,53,10,9,10,105,33,8,0,12,1,1,0
74,293999,11,1,6,0,10,130,96,358,9,33,7,64,64,8,6,21,71,19,6,1,13,1,0,0
75,282897,1,1,12,0,19,145,104,558,18,30,6,67,64,8,7,11,123,25,7,1,12,0,0,0
76,282897,14,0,10,0,11,137,129,432,11,25,13,87,84,2,2,16,86,30,6,0,14,2,0,0
77,282895,4,3,,1,24,192,164,539,11,33,17,125,119,3,3,18,95,13,8,0,6,1,1,0
78,282895,23,4,,0,31,157,102,547,7,13,6,68,67,2,0,15,171,33,6,1,4,0,0,0
79,281643,3,0,9,0,18,221,163,506,15,29,8,126,124,6,6,14,101,3,9,0,10,1,0,0
80,281643,25,0,10,0,17,97,86,177,2,3,2,73,72,5,5,15,172,29,7,0,12,1,0,0
81,289305,81,1,6,0,21,143,138,539,9,26,14,102,102,10,8,20,38,11,4,0,10,1,1,0
82,289305,23,2,11,0,28,75,57,368,9,11,4,33,33,1,1,9,135,26,2,1,9,4,1,0
83,268579,8,1,,0,23,124,92,470,12,24,7,51,48,3,3,11,81,14,10,2,12,1,0,0
84,268579,5,2,,0,21,102,77,206,6,14,5,66,63,2,2,16,87,22,6,2,13,3,0,0
85,281087,5,7,,0,25,85,85,295,8,25,7,56,53,4,4,15,104,22,4,1,9,1,1,0
86,281087,10,4,,0,22,102,101,452,14,22,16,60,56,3,1,17,84,25,6,2,6,1,1,0
87,281085,5,5,,0,28,89,67,154,1,5,6,56,53,6,5,6,182,25,7,0,12,1,1,0
88,281085,3,3,,0,18,212,155,405,9,25,4,136,131,3,3,14,81,5,1,1,14,1,0,0
89,255001,9,7,,0,26,146,110,468,7,28,8,82,75,3,3,18,119,21,4,1,9,4,1,0
90,255001,1,5,,2,37,135,117,406,6,21,14,89,81,8,8,11,116,28,6,0,13,0,0,0
91,254993,1,6,,0,37,89,112,508,8,26,7,82,81,7,4,10,121,19,5,2,14,0,1,0
92,254993,4,0,,0,31,131,119,450,11,19,3,94,89,6,5,13,106,26,9,0,9,2,0,0
93,254989,1,4,12,0,26,126,116,458,4,18,3,87,82,8,5,12,152,24,5,0,6,1,2,0
94,254995,2,4,,0,30,115,89,227,4,13,2,77,74,4,4,4,85,16,9,2,8,1,0,0
95,254989,3,1,10,0,27,201,125,428,7,24,2,111,107,4,4,13,142,18,8,1,7,4,0,0
96,254995,9,3,,0,21,110,89,300,8,16,7,56,55,11,7,13,92,13,1,0,16,1,0,0
97,254985,4,5,,0,34,100,94,272,6,16,6,72,67,4,3,8,148,20,6,3,7,0,0,0
98,254983,20,5,,1,36,162,132,324,3,11,4,108,101,6,5,21,83,14,4,1,17,1,0,0
99,254985,9,2,,0,32,164,147,252,4,20,20,111,108,11,9,18,82,16,8,0,15,0,0,0
100,254983,1,3,,0,36,127,98,450,10,14,6,59,55,5,3,16,132,11,7,0,9,4,0,0
101,254987,20,2,,0,20,141,126,350,6,20,6,104,99,2,2,13,88,17,7,2,6,2,0,0
102,254987,2,6,,0,19,95,78,292,7,17,5,60,57,6,4,8,152,20,7,0,7,1,2,0
103,254973,9,3,,0,34,177,122,405,7,17,15,75,72,7,5,19,102,15,4,1,11,1,0,0
104,254973,20,3,,2,29,123,110,426,7,15,8,79,76,8,8,11,114,17,7,1,13,2,0,0
105,254991,3,1,,0,22,223,178,681,20,21,12,132,130,5,4,7,146,10,6,0,8,0,0,0
106,254991,20,1,,0,9,197,130,296,6,10,8,100,98,6,5,15,200,21,5,1,10,3,0,0
107,182003,1,0,,0,36,242,179,689,12,36,13,119,110,6,6,14,72,10,11,1,17,0,0,0
108,182003,29,1,,0,34,70,79,232,2,10,4,59,57,9,6,16,163,36,2,0,11,5,1,0
109,181989,4,3,,0,34,145,133,589,9,27,5,101,92,10,9,13,136,29,6,2,17,0,0,0
110,181989,14,4,,0,33,165,125,566,7,29,15,81,75,4,3,20,134,27,1,0,8,2,0,0
111,248941,9,5,,0,18,182,138,479,6,21,15,108,107,5,5,15,96,12,10,0,8,2,0,0
112,248941,2,3,,0,19,122,97,317,5,12,12,69,65,2,2,18,151,21,4,0,11,3,1,0
113,248677,1,3,6,0,33,213,130,381,9,26,14,103,100,7,6,16,155,12,3,2,14,0,0,0
114,248677,3,2,5,0,31,208,136,363,2,12,3,112,108,2,2,18,129,26,7,0,11,1,0,0
115,249679,3,1,,1,29,184,165,334,1,12,3,144,140,3,2,14,121,11,3,0,12,1,0,0
116,249679,4,3,,0,31,148,119,292,4,11,8,98,94,6,6,16,204,12,6,1,16,4,0,0
117,252323,4,6,,0,21,114,96,369,9,11,3,75,71,4,1,18,117,15,4,0,12,1,0,0
118,252323,20,2,,1,20,122,106,301,4,15,3,87,79,6,4,12,97,11,8,2,10,1,0,0
119,263325,20,5,,0,14,110,101,284,5,12,6,86,85,6,6,8,102,14,6,2,11,5,0,0
120,263325,2,4,,0,22,110,89,352,5,14,9,72,69,4,3,13,127,12,3,0,11,0,0,0
121,263333,2,4,,0,17,155,107,590,14,17,10,76,72,5,5,12,65,6,5,1,11,1,0,0
122,263333,20,0,,0,10,96,68,174,2,6,5,56,51,7,6,15,108,17,5,4,11,1,2,0
123,264181,11,1,11,0,21,114,100,352,6,22,10,79,75,0,0,15,114,18,4,1,10,1,1,0
124,248675,1,0,9,0,26,116,84,323,7,15,5,68,65,5,4,13,103,25,5,2,13,3,2,0
125,264181,6,0,6,0,18,147,108,471,18,18,5,79,77,0,0,18,126,22,9,0,16,2,0,0
126,244319,10,4,,0,17,131,106,376,10,20,14,80,77,3,2,11,122,22,3,5,6,4,1,0
127,248675,9,3,6,0,25,134,115,430,5,25,21,72,68,11,10,18,93,15,7,0,10,4,0,0
128,244319,5,3,,1,21,127,104,398,15,22,9,85,77,9,8,17,102,20,5,1,12,1,0,0
129,181974,4,0,,0,34,139,116,472,12,22,6,66,63,14,13,18,110,5,8,0,25,0,0,0
130,181974,29,4,,0,30,78,98,256,2,5,10,77,70,4,1,15,104,22,8,6,5,1,0,0
131,244311,10,3,,1,11,161,122,466,10,27,16,89,84,1,0,13,72,28,3,1,12,1,0,0
132,244311,6,5,,0,15,131,80,420,10,28,13,58,54,6,5,9,125,27,4,1,9,1,1,0
133,240555,15,4,9,0,11,100,90,338,7,13,6,68,61,4,3,27,69,17,8,2,10,1,0,0
134,240555,8,7,12,0,20,149,96,348,7,17,17,55,49,2,2,20,108,13,9,0,7,1,0,0
135,180687,3,5,,1,38,156,135,300,3,23,5,118,116,5,5,9,120,27,6,2,11,1,0,0
136,180692,2,1,,0,15,144,126,419,12,25,15,85,78,7,5,20,155,24,1,1,13,0,1,0
137,180687,1,3,,1,23,120,124,501,10,27,8,92,85,4,4,23,160,23,2,0,10,3,0,0
138,180692,3,7,,0,27,169,130,506,13,24,4,110,106,8,7,11,119,25,10,0,8,2,0,0
139,180686,9,5,,0,18,129,109,382,6,10,19,76,74,6,4,16,93,10,3,0,10,0,0,0
140,180686,4,5,,1,23,116,92,257,4,10,7,79,74,5,5,7,111,10,10,1,10,0,0,0
141,180693,1,3,,0,30,143,115,651,15,24,9,77,74,4,4,16,161,25,3,0,10,1,1,0
142,180693,9,4,,0,26,169,147,708,14,25,17,109,101,5,4,12,104,24,5,2,8,1,0,0
143,180683,3,6,,0,26,116,93,237,0,14,2,75,71,6,6,7,147,24,3,2,12,1,1,0
144,180683,9,3,,0,11,149,140,344,1,24,11,98,94,5,2,18,94,14,5,1,11,1,1,0
145,180685,2,4,,0,24,136,117,438,4,21,14,92,89,4,2,14,97,9,3,0,6,2,2,0
146,180681,9,6,,0,29,156,123,418,4,21,19,87,81,14,14,14,112,12,2,0,18,2,0,0
147,180685,20,3,,0,27,102,90,276,1,9,6,68,64,10,9,10,118,21,8,2,10,2,0,0
148,180681,2,2,,1,25,130,103,389,6,12,9,73,67,6,6,21,135,21,4,1,11,2,1,0
149,180684,2,3,14,0,16,107,103,410,6,15,3,77,72,9,8,7,118,10,4,1,11,2,1,0
150,217023,4,5,,1,21,114,86,235,4,9,4,71,66,5,3,15,123,17,6,4,14,3,0,0
151,180684,4,5,17,0,21,132,115,406,6,10,6,90,83,5,2,9,115,15,4,0,8,3,1,0
152,217023,5,3,,1,23,100,103,251,5,17,4,83,76,6,6,20,91,9,6,0,8,0,1,0
153,203143,1,6,,1,30,71,50,203,2,8,3,36,33,7,6,9,157,25,9,2,12,2,0,0
154,180680,20,1,,0,15,144,110,248,1,12,12,77,76,4,3,18,198,18,6,1,7,4,1,0
155,203143,6,1,,0,14,222,153,595,8,25,15,112,110,2,2,16,53,8,5,0,8,1,0,0
156,180680,3,4,,0,28,192,158,351,5,18,5,128,126,8,8,10,117,12,7,0,12,2,0,0
157,180679,4,3,,1,32,121,109,224,2,14,6,88,83,7,4,11,135,21,6,2,10,4,1,0
158,180682,1,3,7,0,27,155,106,530,9,19,10,73,71,6,5,9,164,26,6,1,11,1,0,0
159,227311,9,5,,0,23,166,131,363,5,31,10,98,93,9,8,12,117,14,1,1,15,1,0,0
160,180679,1,4,,0,32,118,132,350,3,21,9,91,87,9,9,14,145,14,3,0,9,2,0,0
161,180682,20,2,10,0,16,154,127,285,11,26,9,99,94,2,0,18,113,19,4,1,7,3,0,0
162,227311,10,4,,5,27,103,100,399,8,14,6,78,77,3,3,8,148,31,2,3,9,2,0,0
163,203141,1,4,,0,27,142,86,375,7,24,7,56,52,7,7,13,162,13,7,0,18,1,0,0
164,240813,12,8,9,1,22,74,74,183,0,6,7,53,50,0,0,13,94,11,7,0,7,2,0,0
165,203141,15,4,,0,24,166,138,417,4,13,15,104,102,3,3,12,85,24,6,2,9,3,1,0
166,240813,25,6,16,0,17,118,80,326,5,11,3,58,57,0,0,15,78,6,5,2,11,1,0,0
167,217021,20,4,,0,20,128,82,257,3,4,7,70,67,3,3,17,122,17,8,0,10,5,0,0
168,218865,4,3,,0,21,76,80,178,5,17,2,72,70,5,5,18,121,19,7,1,11,6,0,0
169,217021,5,1,,0,17,119,107,471,9,17,6,85,80,7,6,17,97,4,7,2,11,3,0,0
170,218865,8,2,,0,31,180,122,495,10,19,14,89,85,3,3,20,98,17,8,0,6,1,0,0
171,208369,3,5,5,1,34,113,96,353,3,14,8,77,74,6,5,7,138,19,4,1,9,4,0,0
172,218863,4,0,,0,15,156,121,574,5,33,20,79,74,10,9,20,90,16,7,1,14,5,0,0
173,208369,6,2,10,0,25,198,129,494,8,19,14,97,92,3,1,10,106,14,2,2,10,1,0,0
174,240807,12,3,12,0,19,87,67,92,0,8,5,58,54,0,0,10,145,34,8,0,11,3,1,0
175,218863,14,4,,0,28,104,102,478,6,16,18,62,59,5,3,15,105,33,3,3,9,1,1,1
176,240807,23,6,12,0,15,180,121,426,4,34,10,102,100,0,0,16,89,8,3,0,9,1,0,0
177,209471,2,2,,0,16,113,96,359,7,23,10,63,60,10,10,13,86,9,8,0,18,1,1,0
178,209471,16,5,,0,8,80,81,272,1,9,6,55,53,3,3,11,95,23,3,0,11,7,1,0
179,208367,3,4,,0,20,186,145,669,24,32,9,109,104,13,12,13,100,11,4,1,19,1,0,0
180,208367,81,1,,0,18,71,82,277,3,11,4,61,57,1,1,17,178,32,5,0,9,1,2,0
181,203139,1,3,,0,18,141,113,378,8,22,2,86,82,7,6,12,105,1,4,0,19,1,1,0
182,203139,5,4,,1,25,57,82,237,3,1,4,62,60,10,10,14,128,22,3,0,13,0,1,0
183,207977,10,6,,0,10,125,113,392,6,14,12,86,84,5,5,14,74,19,5,0,9,2,0,0
184,207977,6,3,,0,13,93,68,304,8,19,9,53,51,7,6,9,117,14,5,2,8,0,2,0
185,207969,8,4,,0,33,235,162,611,7,31,16,104,93,4,3,22,75,10,8,0,10,3,0,0
186,207971,5,2,,1,19,212,195,586,4,32,10,159,151,5,4,20,153,20,3,0,13,0,0,0
187,207969,5,1,,1,28,84,80,282,7,10,1,49,47,6,6,20,155,31,10,1,13,4,0,0
188,207971,6,2,,0,22,171,130,409,4,20,7,104,98,2,2,15,252,32,3,1,8,1,0,0
189,207975,5,3,12,1,18,140,123,420,10,19,10,80,76,8,8,13,105,23,4,0,12,3,0,0
190,207975,8,2,10,0,18,187,127,516,15,23,11,76,68,2,2,19,127,19,4,0,14,0,0,0
191,207973,10,3,11,0,9,156,123,505,13,19,18,93,85,7,4,20,97,23,4,0,11,3,0,0
192,207973,8,2,11,0,17,176,108,610,15,23,15,64,60,2,1,15,122,19,9,1,9,1,0,0
193,207955,6,5,,0,19,162,123,248,0,21,9,102,96,6,5,15,80,6,8,2,8,4,0,0
194,207957,5,2,,0,43,71,69,264,3,8,3,47,44,9,8,17,82,13,7,0,16,2,0,0
195,207955,8,5,,0,23,92,64,173,1,6,1,52,50,4,3,13,146,21,6,0,10,3,2,0
196,207957,10,3,,0,35,73,84,223,2,13,3,66,62,6,4,19,52,8,3,1,16,3,0,0
197,207965,8,4,,0,32,93,92,400,5,15,8,52,49,6,5,14,108,12,7,2,13,2,0,0
198,207967,6,5,,0,8,153,110,420,9,17,5,90,88,2,2,12,75,13,4,2,11,3,0,0
199,207965,10,3,,2,29,116,108,191,1,12,5,76,72,8,7,21,62,15,5,1,15,1,0,0
200,207963,6,4,,0,24,151,129,578,9,25,11,94,88,2,2,12,81,10,4,1,7,3,0,0
201,207967,10,3,,0,19,91,77,344,8,13,7,57,55,0,0,9,132,17,8,2,3,3,0,0
202,207963,5,6,,0,29,71,68,235,6,10,1,54,47,5,5,15,147,25,6,1,14,0,1,0
203,231351,6,3,8,0,9,215,165,589,7,31,12,138,130,3,2,19,98,16,1,1,12,1,0,0
204,231351,8,1,11,0,14,169,102,375,6,16,11,74,67,1,1,15,175,31,6,1,11,0,1,0
205,207959,8,4,10,0,23,193,126,572,14,22,19,79,72,10,9,12,109,10,4,1,14,0,2,0
206,207961,10,5,,2,30,143,116,389,10,18,15,77,75,5,4,13,65,14,3,0,10,3,0,0
207,207959,6,2,12,0,8,136,98,397,4,10,12,81,74,4,3,18,108,22,3,1,10,1,1,0
208,207961,5,4,,0,31,83,75,332,4,14,7,50,47,4,4,10,101,18,2,4,12,1,0,0
209,209465,5,1,,0,20,145,132,488,12,21,12,93,89,4,4,16,148,16,2,0,18,0,0,0
210,209465,2,2,,0,8,161,151,289,6,16,18,115,107,6,4,16,144,21,6,0,13,2,1,0
211,209463,10,2,12,3,20,107,99,311,5,10,12,75,71,2,2,11,136,8,4,4,12,2,0,0
212,209463,2,4,8,1,17,140,130,338,5,8,12,95,89,7,6,17,98,10,5,0,15,1,0,0
213,204107,11,0,16,0,25,91,99,265,4,12,2,72,70,0,0,9,61,9,7,0,7,2,1,0
214,193513,6,2,,0,16,193,158,549,7,18,17,97,94,3,3,17,71,7,6,1,14,2,0,0
215,204107,2,0,7,0,20,87,95,516,9,9,11,45,42,0,0,16,94,12,10,1,12,3,0,0
216,193513,9,3,,0,20,81,74,234,3,7,5,47,46,4,4,18,138,18,9,1,14,1,1,0
217,209461,25,5,,1,7,147,122,499,11,18,11,102,97,2,2,21,73,23,7,1,13,2,0,1
218,209461,2,4,,0,20,96,72,322,3,23,6,47,46,4,4,16,147,18,11,1,8,2,0,0
219,211263,10,1,,0,23,55,48,264,6,10,5,31,29,5,2,10,115,26,3,2,11,4,1,0
220,211263,3,5,,0,29,155,114,479,9,26,3,97,93,6,6,10,43,10,11,0,13,0,1,0
221,180669,9,5,,1,19,102,103,468,8,20,15,66,63,4,3,8,130,19,3,2,12,2,1,1
222,180669,20,4,,0,14,160,122,424,3,19,10,88,83,3,2,17,107,20,6,0,11,0,0,1
223,175515,9,2,,0,26,140,99,310,2,18,12,75,67,5,3,14,79,6,7,2,11,2,1,0
224,175515,5,4,,1,26,95,79,171,1,6,2,65,60,5,3,15,106,18,3,2,12,4,1,0
225,182528,20,7,,0,29,95,106,349,1,12,11,71,68,8,7,14,79,17,3,4,12,5,0,0
226,182528,10,4,,1,34,67,76,179,4,17,2,61,57,3,1,12,110,12,7,0,9,4,1,0
227,186197,4,5,,0,21,119,111,390,7,15,9,92,83,3,2,10,137,14,3,0,9,4,1,0
228,186197,6,3,,1,21,167,136,698,13,14,11,98,92,7,6,16,118,15,2,1,10,2,1,0
229,180663,4,1,,0,19,168,146,495,14,26,11,97,88,11,9,22,79,14,12,1,15,2,0,0
230,180663,16,0,,0,18,62,81,325,3,14,8,55,50,1,0,16,136,26,8,2,8,5,0,0
231,174682,3,2,,0,24,136,113,294,3,14,5,98,94,7,6,15,165,22,5,1,13,1,0,0
232,174682,8,2,,0,18,209,147,535,6,22,9,123,114,2,1,19,137,14,5,0,5,1,0,0
233,180661,3,6,,0,24,152,132,422,12,16,8,97,91,3,3,16,57,15,4,3,7,1,0,0
234,180661,6,3,,0,21,105,76,361,6,15,12,44,42,3,2,10,137,16,5,3,6,1,1,1
235,183410,25,1,12,0,19,92,84,420,13,20,10,47,45,0,0,14,105,24,9,3,9,3,1,0
236,183410,11,2,10,0,16,100,100,463,8,24,4,79,75,0,0,18,62,20,6,2,15,3,0,0
237,195325,11,5,7,0,22,134,114,394,2,16,10,87,84,0,0,21,77,17,6,0,11,2,0,0
238,195325,25,2,11,0,21,84,87,248,5,18,6,54,52,0,0,12,103,16,6,2,8,1,0,0
239,175506,5,3,,0,23,76,69,323,7,14,1,41,39,12,12,9,115,18,5,1,18,0,1,0
240,175506,15,3,,0,14,139,120,526,9,18,19,84,78,3,3,16,55,14,2,0,8,0,1,1
241,172097,8,4,,0,44,116,82,535,13,21,5,46,42,3,3,9,121,25,6,1,13,1,0,0
242,172097,9,1,,2,36,121,104,269,5,25,9,81,78,7,7,11,74,21,7,0,21,6,0,0
243,173968,11,4,12,0,13,101,84,238,2,12,3,74,67,0,0,14,79,10,5,2,3,1,1,0
244,173968,3,6,6,0,20,86,75,212,3,10,4,58,54,0,0,9,112,12,9,1,6,4,0,0
245,133796,9,3,,0,30,148,133,517,5,16,11,112,106,1,1,12,69,8,12,0,10,6,0,0
246,133796,2,3,,1,28,72,70,276,5,8,5,60,53,3,3,21,124,16,4,1,8,5,0,0
247,133794,20,7,,0,19,140,105,430,2,15,7,88,81,7,7,16,112,9,4,1,11,1,1,0
248,133794,3,6,,0,29,119,96,281,0,9,1,91,90,1,0,9,114,15,8,0,5,4,3,0
249,133784,20,1,,2,28,159,133,535,8,14,17,102,98,2,1,12,120,18,6,2,7,1,1,0
250,133784,9,3,,0,22,160,116,495,4,17,12,87,86,4,4,18,131,14,10,0,9,4,0,0
251,161869,4,5,12,0,42,128,89,320,4,9,4,82,76,3,2,8,113,19,5,0,16,7,0,0
252,161869,6,6,14,1,38,183,120,599,8,19,8,86,83,3,3,11,90,9,3,0,10,0,0,0
253,133782,4,1,,0,15,215,161,445,7,22,8,124,120,8,5,14,91,9,5,0,12,3,0,0
254,133783,1,4,,0,21,221,153,655,12,22,18,109,102,1,0,20,82,13,5,1,11,2,0,0
255,133782,3,3,,1,24,85,87,301,4,9,3,70,66,5,5,9,200,22,6,1,9,2,2,0
256,133783,2,2,,0,32,86,77,273,5,13,8,61,52,4,4,12,136,22,5,2,9,2,0,0
257,154683,2,7,12,0,21,99,92,374,2,12,5,73,64,10,8,13,72,14,8,2,17,2,0,0
258,161868,4,0,11,0,17,147,124,461,7,23,10,102,97,4,1,21,78,19,3,1,16,1,0,0
259,154683,16,5,25,0,31,94,76,366,3,15,12,58,54,2,2,9,77,12,6,1,6,3,3,0
260,161868,8,4,12,0,29,138,87,444,8,19,10,53,50,1,1,10,155,23,14,1,11,0,1,0
261,157422,9,7,9,0,27,61,44,212,3,7,3,33,26,9,6,21,153,15,6,0,12,0,0,0
262,157422,15,2,13,0,25,165,140,566,4,14,13,114,110,7,6,13,46,7,4,3,12,3,0,0
263,153977,1,6,14,2,23,120,87,438,10,17,7,68,64,6,3,12,111,18,4,1,11,2,1,0
264,153975,1,3,14,0,18,164,123,434,2,14,12,94,89,4,3,18,136,22,5,2,12,0,0,0
265,154682,2,2,12,0,18,111,116,223,2,11,9,94,90,2,2,15,68,9,8,1,13,2,0,0
266,153977,8,2,13,0,24,179,110,398,7,18,11,78,73,2,2,12,90,17,7,1,9,3,0,0
267,153975,6,5,13,1,22,158,122,349,5,22,15,94,92,1,1,13,134,14,9,1,13,3,0,0
268,154682,5,3,17,0,25,71,60,220,1,9,5,52,49,6,5,10,126,11,4,3,12,0,1,0
269,154936,9,6,10,1,37,161,117,452,3,19,20,81,80,8,8,9,96,13,5,1,11,0,0,0
270,156796,3,1,16,0,16,121,77,254,6,18,5,68,64,5,5,13,92,10,4,1,13,3,0,0
271,154936,10,5,13,1,37,131,91,312,4,13,8,72,65,3,3,18,103,19,4,0,13,6,0,0
272,156796,10,6,11,0,15,110,84,204,3,10,1,79,75,2,1,11,71,18,5,1,5,2,1,0
273,162321,20,0,7,1,23,142,97,248,3,21,7,86,82,6,2,18,95,15,8,1,6,2,0,0
274,162321,8,3,6,0,25,206,122,468,9,15,15,90,85,0,0,17,106,21,10,0,10,0,0,0
275,167194,6,7,16,0,14,93,116,327,2,14,5,94,91,3,1,20,81,11,7,1,7,3,1,0
276,167194,8,8,13,1,22,102,77,336,4,11,6,60,57,1,1,15,134,14,10,0,4,3,1,0
277,153856,10,6,13,0,19,90,80,256,1,16,6,65,60,9,7,15,73,12,9,0,12,1,1,0
278,153856,6,9,16,0,18,82,68,280,2,12,8,54,52,1,1,13,89,16,5,1,9,0,1,0
279,153853,5,4,10,0,22,123,85,450,9,15,13,59,52,7,7,13,131,6,2,0,13,1,0,0
280,153853,6,2,10,0,21,141,117,267,1,5,11,99,90,1,1,12,79,17,6,0,16,3,1,0
281,153847,8,6,7,0,28,202,155,599,8,21,24,111,108,1,1,21,98,7,8,1,12,2,0,0
282,153850,8,5,12,0,20,198,135,523,8,23,12,106,101,3,3,21,65,6,5,3,16,1,0,0
283,153847,6,0,11,0,28,100,80,184,1,7,2,76,68,5,3,18,148,21,8,1,11,3,1,0
284,153850,10,1,15,0,25,53,53,158,0,6,2,39,34,12,11,11,144,23,7,1,12,8,1,0
285,153848,10,5,11,1,27,63,65,237,4,15,5,53,49,8,5,8,123,17,5,1,13,2,0,0
286,153848,5,7,8,0,26,132,96,298,3,17,6,84,81,6,6,11,83,15,4,0,8,1,0,0
287,153846,5,2,11,0,29,107,96,322,3,17,7,83,75,12,11,10,87,7,6,1,18,1,0,0
288,153846,10,5,14,0,32,111,78,176,0,7,7,62,59,9,8,9,105,17,4,0,13,3,0,0
289,153852,8,5,11,0,28,104,81,326,3,15,4,68,61,1,0,14,99,14,6,0,12,1,0,0
290,153849,6,4,10,0,40,134,90,274,2,8,5,83,78,2,1,9,82,2,3,0,13,2,0,0
291,153852,5,8,16,1,27,82,81,224,2,15,2,64,60,9,9,9,92,15,4,2,13,5,1,0
292,153849,5,5,9,2,34,93,85,251,0,2,3,67,60,8,8,13,95,8,4,2,18,1,1,0
293,153845,6,4,12,0,15,115,96,192,3,9,6,84,76,1,1,19,74,16,6,1,12,2,0,0
294,153851,6,5,11,0,21,161,117,472,5,23,2,103,100,3,3,20,65,9,10,2,12,2,1,0
295,153845,8,6,14,0,13,97,70,311,8,16,8,43,42,3,3,15,133,9,11,0,12,2,0,0
296,153851,10,4,11,1,22,60,57,326,8,9,5,41,36,6,4,17,153,23,10,0,7,3,0,0
297,154474,5,5,8,1,30,128,125,368,2,17,6,107,102,6,5,15,115,16,6,0,9,3,0,0
298,154474,1,4,12,2,34,118,96,229,3,16,6,83,79,2,2,10,155,17,7,0,8,2,1,0
299,155535,6,5,12,1,13,148,116,421,7,6,10,91,87,3,3,13,86,11,2,1,8,4,0,0
300,155535,4,5,14,1,17,80,88,326,3,11,12,70,64,2,1,8,127,6,9,0,5,2,0,0
301,153843,8,5,11,3,16,141,114,297,3,20,6,97,94,4,4,12,89,9,8,0,9,0,1,0
302,153843,3,5,11,0,17,103,73,194,1,9,2,64,61,2,2,10,145,20,3,2,14,2,0,0
303,154472,5,5,10,0,24,114,104,419,8,19,6,89,81,8,8,17,104,12,7,0,12,3,0,0
304,154473,5,6,13,1,25,137,111,360,9,22,9,94,89,5,5,11,56,7,5,2,9,1,0,0
305,154472,1,4,12,0,26,131,91,372,5,12,10,71,67,3,3,13,129,19,3,4,10,0,0,0
306,154473,1,2,12,0,21,113,70,291,8,7,9,48,45,2,2,16,112,22,5,2,14,3,0,0
307,161861,14,3,10,0,11,70,63,375,6,17,9,42,40,0,0,12,72,12,4,0,5,6,0,0
308,161861,2,3,9,0,19,127,83,285,2,12,14,64,62,0,0,6,57,17,6,0,6,1,0,0
309,154932,10,3,11,0,22,106,100,335,4,8,8,78,74,0,0,8,102,6,6,2,3,2,1,0
310,154932,20,1,5,0,16,113,94,243,1,5,3,78,72,0,0,17,105,8,7,0,14,0,0,0
311,153842,8,3,11,0,15,178,141,746,20,14,15,91,83,4,3,18,98,4,9,2,13,0,0,0
312,153842,3,1,12,0,17,137,77,203,2,4,4,63,60,3,3,14,139,14,3,4,9,1,0,0
313,158995,4,4,13,0,18,84,76,397,5,9,11,54,49,0,0,17,109,5,6,0,12,4,1,0
314,158995,160,0,13,0,20,143,120,350,7,5,14,93,88,0,0,19,59,9,9,1,12,5,0,0
315,133781,1,6,7,1,30,87,70,269,2,11,2,63,57,5,4,15,64,7,13,2,10,1,0,0
316,133781,3,3,13,2,26,74,56,207,2,7,2,51,47,4,3,22,86,11,3,4,10,2,0,0
317,133780,4,5,10,2,38,135,122,343,4,12,1,112,105,4,3,11,75,7,5,0,16,2,0,0
318,133780,9,3,16,2,35,78,72,295,4,6,4,63,56,5,4,17,143,12,3,2,9,1,0,0
319,133779,20,3,12,2,19,146,123,394,1,10,9,103,98,7,6,17,65,3,3,3,15,2,1,0
320,133779,2,3,11,0,23,81,68,272,0,3,9,50,43,0,0,11,132,10,10,0,6,6,2,0
321,133778,9,7,5,2,32,145,114,358,4,13,18,92,89,4,3,16,70,6,8,0,9,2,0,0
322,133778,1,2,11,0,29,92,62,361,5,6,2,56,50,1,1,14,97,13,7,1,8,2,1,0
323,93505,8,3,7,0,27,98,89,296,2,10,6,76,73,3,3,11,128,14,7,0,14,2,0,0
324,93505,9,2,10,1,22,156,108,368,4,14,10,85,80,10,8,14,104,10,6,0,15,2,0,0
325,93503,8,8,7,2,36,112,95,202,3,14,4,90,85,2,2,13,106,17,9,0,12,1,1,0
326,93503,6,1,11,1,31,115,102,413,2,17,12,83,74,3,3,19,95,14,4,2,16,1,0,0
327,93501,8,7,6,0,29,186,132,555,3,13,12,111,111,4,4,9,52,11,5,0,9,0,0,0
328,122133,3,4,8,0,28,157,119,243,0,8,6,99,96,7,6,17,77,1,6,1,19,3,0,0
329,93501,10,2,10,1,18,40,45,174,3,11,3,35,32,5,5,10,128,13,6,0,7,4,1,0
330,122133,1,2,16,1,31,89,72,266,2,1,1,65,59,4,3,10,129,8,6,0,10,2,1,0
331,121715,5,5,7,2,39,110,81,223,1,9,3,75,69,5,4,9,105,14,9,0,7,1,0,0
332,121715,8,1,12,0,28,151,110,680,6,14,10,83,76,0,0,23,81,9,7,1,14,1,0,0
333,122132,2,5,6,1,21,145,90,315,4,7,13,76,71,1,1,11,91,2,8,0,7,3,0,0
334,122132,20,1,14,0,25,111,90,363,2,2,10,73,68,2,1,11,88,7,9,1,6,2,0,0
335,129702,4,3,14,0,24,77,71,249,3,3,10,51,43,1,1,13,101,4,10,2,10,5,0,0
336,93458,8,1,14,0,20,133,101,568,6,20,14,58,53,5,5,16,88,2,10,0,7,1,0,0
337,129702,10,4,12,2,26,100,97,253,3,4,3,95,89,5,5,15,52,3,5,0,10,2,1,0
338,121716,6,3,8,0,29,68,106,352,5,13,8,84,82,1,1,10,132,6,5,1,8,2,0,0
339,93458,16,2,7,0,19,59,89,220,1,2,8,77,73,6,4,10,91,20,7,2,9,4,0,0
340,121714,5,4,6,2,28,103,83,289,5,8,9,73,67,3,2,16,81,9,8,1,13,2,0,0
341,121716,8,2,10,0,26,147,125,276,4,6,7,118,116,3,3,10,97,13,6,0,12,0,0,0
342,93482,8,1,11,1,29,124,98,451,7,18,12,91,86,0,0,9,98,10,10,1,9,0,0,0
343,121714,6,4,12,0,28,109,103,497,3,9,14,74,69,0,0,16,80,8,9,1,6,2,0,0
344,122130,9,4,7,1,35,125,97,312,3,3,14,83,77,6,6,12,88,4,6,0,14,1,0,0
345,122131,3,1,11,0,19,181,109,281,2,5,7,99,95,3,2,18,63,4,6,1,12,0,0,0
346,93482,9,1,9,1,21,115,93,259,4,10,8,79,72,6,6,15,88,18,6,1,12,1,0,0
347,122130,3,5,10,0,28,123,83,280,3,4,7,70,65,2,2,14,81,3,4,3,7,5,0,0
348,122131,9,3,10,2,21,77,73,365,4,4,11,61,53,1,1,17,115,5,9,0,11,2,0,0
349,93495,8,1,4,0,19,177,120,665,7,27,11,89,85,3,3,19,59,2,9,0,10,0,0,0
350,93495,25,1,6,0,23,98,70,154,0,2,7,48,46,0,0,14,101,27,9,4,6,2,0,0
351,93470,8,1,11,0,24,146,105,751,9,31,14,68,65,2,1,14,84,5,10,0,10,3,0,0
352,93470,23,0,11,0,13,104,78,212,2,5,4,67,60,0,0,19,79,31,5,1,6,5,0,0
353,121712,8,2,9,0,30,177,114,655,4,19,13,78,75,1,1,13,86,4,11,1,12,0,0,0
354,121712,5,1,12,0,21,114,86,220,2,4,5,71,62,1,0,17,103,19,6,2,10,3,0,0
355,129700,1,1,8,2,23,111,91,255,3,10,5,85,83,5,5,12,110,6,8,1,10,1,0,0
356,129700,4,0,4,0,20,151,118,315,2,6,8,110,108,4,3,17,93,11,4,1,14,0,0,0
357,121713,8,2,8,1,28,115,88,335,4,9,16,83,76,0,0,18,121,14,8,0,12,3,0,0
358,121713,6,3,8,0,18,152,126,472,5,14,12,95,87,2,2,18,84,9,6,0,9,2,0,0
359,122129,2,2,5,0,31,186,134,446,4,10,7,127,121,4,2,18,89,1,5,0,17,4,0,0
360,122129,3,3,11,0,30,141,90,275,1,1,4,74,70,0,0,11,136,10,5,1,7,2,0,0
361,129701,4,4,16,0,25,83,72,193,2,7,4,61,56,3,1,13,89,7,7,0,12,4,2,0
362,129701,1,3,15,0,23,118,86,282,2,7,9,68,62,6,5,14,63,7,9,1,19,1,0,0
363,121711,6,2,13,0,22,139,102,673,13,16,17,59,57,2,2,19,130,16,5,1,10,1,0,0
364,121711,5,2,8,0,19,146,128,442,10,16,2,103,98,6,5,21,74,16,8,2,11,3,0,0
365,140788,4,0,15,0,24,118,119,526,4,15,9,85,81,2,1,17,117,21,7,0,9,4,1,0
366,140788,160,0,15,0,25,153,152,548,7,21,34,96,89,0,0,16,98,15,10,1,10,2,1,0
367,114130,3,4,8,0,26,117,84,363,8,16,7,60,59,3,3,10,105,5,11,2,10,3,0,0
368,114130,1,2,9,0,15,133,94,391,3,5,7,79,76,4,3,22,75,16,5,1,9,2,1,0
369,114129,2,4,14,0,30,142,100,286,6,8,16,87,84,0,0,5,151,14,4,1,7,1,0,0
370,114129,20,2,9,0,13,160,140,444,7,14,8,125,117,6,6,12,99,8,4,0,15,6,0,0
371,114125,2,6,4,1,30,145,112,418,1,6,13,94,89,3,2,16,84,14,4,1,15,2,1,0
372,114125,3,2,13,0,26,111,105,376,9,14,13,84,80,3,3,13,122,6,5,0,6,3,0,0
373,114123,20,4,6,0,22,163,156,394,2,8,16,125,122,2,2,18,80,15,5,1,13,4,0,0
374,114121,2,3,10,0,25,162,132,567,5,14,15,105,99,5,5,18,91,6,2,1,12,0,0,0
375,114123,4,3,15,1,28,132,101,316,8,15,14,75,72,3,3,15,135,8,7,0,3,1,0,0
376,114121,4,5,13,1,28,85,86,269,3,6,5,74,73,2,2,11,138,13,7,2,8,1,2,0
377,114124,1,4,8,0,24,134,109,368,7,8,8,97,90,2,0,16,116,6,8,1,12,1,0,0
378,114124,9,5,11,1,22,150,112,335,3,6,15,84,80,2,1,21,113,8,6,3,9,2,0,0
379,114122,3,1,10,0,12,107,90,186,0,5,6,77,74,2,2,16,130,4,5,0,7,3,0,0
380,114122,9,7,9,1,13,136,111,345,2,4,3,90,87,5,5,13,98,5,11,2,6,1,0,0
381,114119,9,3,8,1,19,143,127,604,14,12,12,87,83,4,3,21,105,20,5,0,10,2,0,0
382,114119,2,0,12,0,22,178,108,359,7,20,10,92,90,2,2,8,106,12,6,3,10,4,0,0
383,116981,9,6,5,1,25,114,94,485,4,2,20,60,55,4,4,21,108,1,11,0,10,3,0,0
384,121010,2,5,8,1,23,106,81,254,1,11,11,56,54,6,4,12,79,3,4,1,14,4,0,0
385,116981,10,4,13,0,26,123,97,273,0,1,6,104,103,2,2,16,95,3,2,3,8,1,0,0
386,121010,15,3,12,1,32,90,78,191,2,3,6,80,80,1,1,8,92,11,9,1,8,4,0,0
387,109183,2,6,9,2,35,97,80,177,2,1,3,80,77,2,2,6,80,2,8,3,6,3,0,0
388,109183,5,6,13,0,26,70,75,261,2,2,3,67,59,7,7,14,91,1,3,0,10,3,0,0
389,116980,9,6,10,1,31,69,76,216,0,6,5,62,59,4,4,17,86,3,12,3,8,3,0,0
390,116980,14,4,20,0,23,54,64,137,0,3,3,60,59,1,1,16,69,5,8,2,7,6,0,0
391,113591,2,1,9,0,12,146,81,267,0,1,21,72,65,1,1,16,78,9,6,1,10,1,0,0
392,113591,8,0,13,0,19,146,115,469,7,9,8,90,86,1,1,9,96,1,12,0,6,1,0,0
393,109180,1,7,14,0,21,146,120,667,5,21,7,100,93,3,3,13,94,3,5,1,10,2,0,0
394,109180,6,5,13,0,27,129,89,350,4,4,9,79,74,0,0,12,142,21,2,0,7,1,1,0
395,109181,4,3,11,0,18,218,147,297,4,9,12,146,140,0,0,15,89,3,3,0,10,1,0,0
396,109181,5,6,10,0,25,103,93,267,1,3,6,81,79,7,7,8,173,9,8,1,7,2,0,0
397,109185,1,4,10,0,23,122,91,344,1,7,11,68,63,4,4,18,94,6,5,0,12,3,0,0
398,109185,8,5,16,0,23,122,96,427,4,6,10,72,67,1,1,17,105,7,10,2,11,0,1,0
399,116979,4,5,11,0,31,119,109,246,2,6,10,105,102,0,0,8,119,9,12,0,12,2,1,0
400,116979,6,3,12,0,27,154,99,457,3,9,11,89,82,0,0,23,109,6,3,0,8,1,0,0
401,104318,3,4,11,0,28,82,55,209,3,3,3,48,45,1,0,15,122,2,4,2,6,6,0,0
402,104318,5,5,12,1,34,104,88,289,3,2,3,87,81,6,5,10,65,3,9,1,16,1,1,0
403,103850,8,3,11,0,22,129,104,329,2,6,12,83,74,0,0,11,146,5,10,0,11,2,0,0
404,103850,6,2,8,0,24,181,131,361,2,5,4,123,113,0,0,15,91,6,6,0,12,2,0,0
405,103854,6,6,10,0,20,119,94,337,3,8,8,73,67,3,3,12,114,4,6,2,5,1,0,0
406,103854,8,3,10,0,22,117,106,324,4,4,13,92,87,4,4,14,100,8,4,0,11,4,0,0
407,103851,5,5,9,1,27,75,67,217,2,8,4,64,59,3,3,11,134,5,8,1,5,2,0,0
408,103851,8,6,10,0,17,170,114,592,0,5,11,90,88,2,2,13,68,8,7,0,7,2,0,0
409,103848,6,7,7,0,15,157,124,421,6,11,9,105,104,1,1,15,105,8,2,0,7,0,1,0
410,103848,5,1,11,1,19,132,110,300,5,8,15,94,86,5,4,14,117,11,8,0,11,1,2,0
411,102924,6,6,0,0,29,148,103,337,5,11,3,100,96,0,0,10,43,5,8,1,11,0,0,0
412,103852,5,3,10,1,25,79,76,248,3,10,9,63,61,4,4,9,90,8,12,0,8,2,0,0
413,102924,3,5,0,0,26,88,44,165,2,5,5,40,36,0,0,14,111,11,9,0,12,3,0,0
414,103852,6,2,7,0,18,140,87,386,0,8,7,70,68,0,0,16,78,10,7,0,14,4,0,0
415,103847,8,5,10,0,32,121,114,430,4,12,5,101,96,1,1,14,105,9,5,0,6,4,0,0
416,103847,5,1,9,0,25,123,93,403,3,9,5,82,71,5,5,17,138,12,10,0,8,0,1,0
417,103845,8,6,0,0,28,121,103,389,11,12,13,75,75,0,0,13,102,4,5,0,9,3,1,0
418,109179,10,6,0,0,24,128,119,591,4,16,8,83,79,0,0,9,65,12,3,1,9,1,0,0
419,103845,4,3,0,0,25,115,86,184,3,4,7,75,73,0,0,9,112,12,8,2,6,3,2,0
420,109179,9,2,0,0,19,109,95,291,3,12,17,57,53,0,0,14,89,16,4,4,18,2,1,0
421,103846,8,3,12,0,26,175,131,558,4,9,8,116,113,2,2,13,88,5,6,0,8,0,0,0
422,103846,5,4,5,2,29,91,75,222,0,5,2,79,72,4,3,12,140,10,8,0,8,3,1,0
423,107221,5,2,0,0,20,131,116,364,8,6,10,95,94,0,0,15,76,3,2,0,14,0,0,0
424,107221,20,2,0,0,19,98,71,157,1,4,6,61,55,0,0,8,109,7,8,1,10,5,0,0
425,107220,5,1,0,0,31,86,80,311,6,2,5,52,44,5,5,19,83,1,8,2,12,1,1,0
426,107220,20,3,0,0,30,123,95,242,2,1,4,66,62,4,4,13,76,2,9,2,13,4,0,0
427,109177,10,2,0,0,18,75,70,297,6,4,2,50,48,0,0,13,141,6,8,1,7,3,1,0
428,103844,8,4,0,0,28,147,130,771,16,23,16,84,78,1,1,20,103,4,7,1,4,0,0,0
429,109177,2,9,0,2,19,196,128,407,5,6,15,102,98,0,0,13,76,4,10,1,9,1,0,0
430,103844,4,3,0,2,37,127,94,225,2,4,6,79,77,5,4,13,117,23,6,1,9,3,0,0
431,102922,6,3,0,0,19,150,101,480,14,19,12,66,66,0,0,21,115,9,8,1,9,1,1,0
432,102922,1,2,0,0,29,99,103,209,4,9,8,86,82,3,3,15,107,19,17,0,14,1,0,0
433,107219,5,3,0,0,31,80,66,392,8,9,3,63,57,9,7,14,84,8,10,1,15,0,1,0
434,107219,9,1,0,0,16,159,99,525,5,8,14,71,61,3,3,16,66,9,9,2,7,4,1,0
435,112225,4,3,0,1,28,126,103,322,3,7,9,90,80,1,1,19,64,4,7,0,14,5,0,0
436,112225,5,5,0,1,32,107,72,381,5,4,8,56,51,4,4,16,103,7,6,2,3,0,0,0
437,103843,8,1,0,0,21,139,112,549,16,20,7,71,67,2,1,15,139,10,3,0,11,0,0,0
438,103843,3,0,0,1,20,186,137,296,4,9,5,113,111,1,1,15,93,20,4,1,10,1,1,1
439,94948,20,6,10,0,45,122,83,322,0,10,11,66,66,2,2,7,80,9,7,2,12,2,1,0
440,94948,1,5,14,1,40,99,79,471,10,11,9,61,61,4,3,8,93,11,4,1,9,2,0,0
441,94949,4,2,12,0,35,153,100,393,9,11,9,80,80,7,7,17,68,8,4,3,12,3,0,0
442,94949,9,4,11,2,41,89,67,369,4,8,13,48,48,8,7,12,92,11,9,2,10,0,1,0
443,94947,9,3,7,2,38,78,58,351,9,7,6,45,42,6,6,14,134,10,12,1,8,4,0,0
444,94947,3,1,10,0,34,151,105,360,2,8,5,94,88,5,5,19,77,7,4,1,11,0,1,0
445,94945,2,3,5,0,21,141,113,406,3,14,12,91,88,2,1,15,99,5,10,1,11,1,0,0
446,94945,9,3,10,1,21,116,97,385,4,5,14,74,71,4,4,18,115,14,7,0,7,2,0,0
447,94943,3,5,10,0,42,135,98,333,7,4,13,81,81,4,4,11,62,2,10,1,7,1,0,0
448,94943,20,2,12,0,36,60,47,161,2,2,1,45,45,4,3,10,93,4,6,1,11,8,1,0
449,94946,4,5,8,0,24,199,139,536,12,11,19,98,98,1,1,13,80,14,5,0,9,3,0,0
450,94946,2,2,13,4,33,100,73,384,7,15,8,58,58,4,4,7,149,12,6,2,9,0,2,0
451,94944,1,3,12,0,37,70,87,398,4,9,3,70,68,4,3,9,94,12,9,4,9,1,0,0
452,94944,4,4,9,0,31,126,91,339,4,12,6,67,67,3,3,16,105,9,6,0,7,5,1,0
453,96502,2,4,0,0,23,188,119,459,5,7,20,94,84,1,0,12,80,6,12,2,9,4,1,0
454,96502,10,4,0,2,32,94,74,199,0,6,5,65,59,1,1,13,134,7,2,1,9,0,0,0
455,87470,3,6,0,1,44,107,94,387,3,11,3,88,81,7,6,11,69,8,4,2,12,2,0,0
456,103709,20,5,0,2,41,59,62,275,0,9,7,41,38,0,0,5,56,4,8,2,13,2,0,0
457,87470,5,4,0,2,39,116,68,265,3,7,5,66,58,1,1,11,98,11,9,0,10,4,0,0
458,103709,15,5,0,1,33,75,60,257,0,4,2,41,38,0,0,9,56,8,5,2,15,3,0,1
459,100248,4,6,0,0,22,162,126,327,2,7,13,99,90,2,2,14,53,15,7,3,17,2,0,0
460,100248,6,3,0,1,41,107,59,309,2,15,10,41,37,0,0,8,124,8,7,0,5,0,0,0
461,95333,1,2,0,1,26,84,64,241,3,4,4,62,53,1,1,18,90,7,12,1,16,3,0,0
462,95333,8,6,0,0,26,118,79,330,5,7,4,68,67,3,2,18,78,4,8,2,10,0,0,0
463,91201,3,2,0,0,20,102,64,428,6,11,12,40,39,0,0,14,101,6,15,1,6,0,0,0
464,91201,14,3,0,0,20,100,98,186,1,6,6,93,92,0,0,13,44,12,10,1,13,2,0,0
465,96599,1,5,0,1,44,132,68,374,5,12,5,66,62,0,0,19,64,6,4,1,10,1,0,0
466,87469,20,3,0,1,40,86,63,197,4,5,7,54,49,0,0,8,54,5,5,0,15,7,1,0
467,96599,10,6,0,2,48,67,56,271,3,6,1,58,55,2,2,8,74,12,11,2,6,4,0,0
468,87469,5,4,0,0,45,90,70,309,10,5,8,46,41,0,0,8,53,5,5,3,10,0,0,0
469,96600,4,7,0,0,32,128,84,382,3,10,6,77,71,3,2,16,108,8,8,1,12,0,0,0
470,96600,10,4,0,0,31,108,101,432,2,8,9,69,64,0,0,16,83,11,8,1,3,3,0,0
471,100246,4,5,0,0,35,109,72,310,4,8,2,70,59,1,1,20,87,20,4,0,17,2,0,0
472,100246,8,4,0,0,40,126,87,418,13,20,10,70,65,1,1,15,83,8,12,1,11,1,0,0
473,25837,8,5,8,0,33,120,95,467,5,22,15,80,75,0,0,16,49,2,7,1,7,5,0,0
474,25837,5,5,12,2,37,39,39,151,4,2,2,40,31,5,4,9,109,22,8,0,9,2,0,0
475,25836,8,7,10,0,38,69,74,177,1,6,3,80,75,1,1,17,75,15,9,0,11,4,0,0
476,25836,6,5,16,0,27,103,70,335,3,15,4,61,52,1,1,16,95,7,4,2,7,1,0,0
477,84715,6,4,4,0,28,151,115,321,1,13,9,104,98,2,1,13,53,8,7,2,6,5,0,0
478,84715,5,3,18,0,28,66,45,193,1,7,7,34,32,4,4,11,139,11,11,2,7,2,0,0
479,84716,6,3,8,2,42,113,62,332,7,11,3,59,56,0,0,20,61,7,9,0,13,3,0,0
480,84716,5,1,13,3,38,79,63,293,3,8,7,52,43,4,3,20,93,11,12,2,13,1,0,0
481,25835,5,3,9,2,35,113,86,459,3,5,12,69,64,2,2,16,93,5,5,1,15,3,0,0
482,25835,32,5,16,0,40,94,98,566,7,5,15,77,66,4,4,10,102,5,6,1,9,1,1,0
483,84711,5,9,7,2,27,73,75,292,3,12,6,62,58,9,9,14,76,14,6,1,7,1,0,0
484,84711,8,5,11,0,25,86,74,317,3,14,7,63,58,2,2,15,87,12,8,2,7,3,0,0
485,84712,5,9,8,3,35,62,58,270,4,4,8,58,52,3,2,17,64,8,14,2,5,2,2,0
486,25834,8,2,15,0,36,180,126,768,16,27,12,96,90,5,5,22,79,8,5,0,10,4,0,0
487,84712,8,4,14,0,19,105,77,504,6,7,6,56,51,0,0,27,64,3,8,2,4,4,1,0
488,25834,20,4,10,3,45,56,53,158,5,7,5,50,46,2,2,11,140,27,4,3,13,4,0,0
489,25830,8,5,8,1,45,93,95,398,4,11,8,79,74,3,3,19,71,12,7,0,15,2,0,0
490,25830,9,5,9,3,39,64,62,290,3,12,6,48,38,2,2,19,111,11,10,2,6,2,0,0
491,25831,5,6,9,1,41,45,31,156,0,2,2,32,28,6,5,10,101,8,7,0,9,1,0,0
492,25831,32,2,12,0,34,133,105,368,4,8,15,82,78,3,3,11,42,4,11,4,9,3,0,0
493,25829,8,5,6,0,32,115,101,310,2,4,10,94,89,1,1,18,44,8,3,2,13,1,0,0
494,25829,9,3,11,3,31,60,48,287,1,8,4,40,35,6,5,7,102,3,6,1,9,3,0,0
495,91197,11,1,14,0,20,81,82,194,4,5,3,72,68,0,0,8,88,13,6,1,13,3,1,0
496,91197,4,2,11,0,20,138,91,482,13,12,8,68,64,0,0,16,97,5,14,0,13,0,0,0
497,25805,1,3,13,2,29,201,144,629,7,11,12,118,111,3,3,15,95,10,8,2,10,0,0,0
498,25805,2,5,8,0,28,82,72,479,5,10,7,64,59,1,0,18,182,12,2,1,13,2,0,0
499,25794,2,5,12,0,26,105,88,329,2,11,7,64,56,2,2,16,143,20,5,1,12,4,0,0
500,25793,20,5,8,2,53,102,106,372,2,11,8,80,79,1,1,13,111,23,10,1,11,2,0,0
501,25794,3,5,12,3,37,154,130,441,2,20,5,118,113,4,4,15,101,11,7,2,11,2,0,0
502,25793,4,4,11,0,47,85,101,406,3,23,5,79,77,1,1,13,111,11,5,0,9,2,0,0
503,25797,1,1,16,0,33,149,103,481,9,5,12,82,78,3,3,10,146,16,7,1,13,0,0,0
504,25797,9,1,14,0,21,131,106,475,4,16,7,92,82,3,3,21,109,9,8,0,16,2,0,0
505,25804,20,2,6,0,30,118,64,346,7,8,3,62,55,0,0,17,153,15,6,0,9,4,0,0
506,25804,9,3,9,0,24,124,123,781,15,15,12,98,92,1,1,20,91,9,7,0,6,2,0,0
507,25789,3,5,8,2,42,91,88,218,1,5,4,81,79,4,4,9,113,3,7,0,16,2,0,0
508,25789,1,2,17,0,37,120,79,303,2,3,6,72,63,4,3,11,121,5,4,1,13,1,2,0
509,25785,9,5,10,1,39,102,105,395,3,5,7,89,86,2,2,9,104,6,7,0,9,0,0,0
510,25785,4,3,11,0,28,95,90,287,3,6,8,74,71,1,1,17,130,6,7,0,12,1,0,0
511,25782,4,7,11,0,40,140,111,496,9,12,9,99,90,0,0,10,124,12,7,0,12,0,0,0
512,25782,1,2,12,2,35,136,115,398,3,12,13,94,91,2,2,9,125,12,2,1,4,1,2,0
513,25781,9,7,9,0,35,95,93,314,1,3,9,62,61,2,2,11,123,6,13,2,7,3,0,0
514,25778,2,2,9,0,25,172,125,422,5,9,19,95,86,2,2,18,129,12,7,3,10,1,1,0
515,25781,2,3,14,0,21,143,111,494,3,5,12,72,68,1,1,20,96,5,6,2,8,3,0,0
516,25778,4,3,12,0,22,157,115,445,4,12,13,90,84,0,0,17,132,9,9,1,9,3,1,0
517,25788,2,5,10,1,42,134,110,483,8,10,12,78,76,2,2,13,135,8,6,0,13,3,0,0
518,25776,1,3,14,1,47,124,106,515,8,10,9,75,72,0,0,10,132,5,6,1,9,0,2,0
519,25806,4,6,6,1,26,114,82,388,3,12,5,79,71,0,0,22,104,11,6,0,15,5,0,0
520,25788,20,2,10,1,41,148,95,365,3,8,5,79,76,2,2,14,149,10,7,2,9,2,0,0
521,25783,20,4,18,0,19,92,56,197,1,3,0,46,41,1,1,9,185,20,9,1,9,4,2,0
522,25776,20,4,11,0,38,133,102,488,5,5,4,81,72,2,2,23,123,10,5,0,13,6,0,0
523,25806,3,1,15,1,40,98,87,389,3,11,3,79,74,2,2,14,104,12,7,0,9,1,0,0
524,25783,3,1,12,0,17,142,122,518,10,20,7,98,96,5,5,12,90,3,6,1,17,3,1,0
525,25777,3,5,4,0,40,76,67,285,3,10,2,61,60,6,6,9,131,15,11,1,8,1,0,0
526,25777,9,1,10,2,30,163,105,604,13,15,4,79,73,8,6,19,88,9,10,0,12,1,0,0
527,25768,1,3,19,1,32,80,64,206,1,7,2,63,56,4,4,7,77,12,8,2,9,1,4,0
528,25768,8,8,10,0,33,84,72,387,4,12,3,59,57,0,0,14,79,7,5,1,10,3,0,0
529,25747,3,2,10,0,46,85,62,177,1,6,2,66,59,2,1,17,84,17,10,0,14,4,1,0
530,25747,8,3,17,0,41,115,99,645,6,17,9,66,61,0,0,15,83,6,5,2,13,3,1,0
531,25761,1,3,12,0,26,185,129,467,1,6,11,110,103,2,2,15,71,5,8,2,8,5,0,0
532,25749,2,5,12,1,36,120,101,539,6,16,8,82,78,5,5,6,116,13,6,1,11,3,0,0
533,25761,5,4,13,0,35,87,73,376,3,6,8,57,48,3,3,14,163,7,11,0,10,4,2,0
534,25749,5,4,13,0,28,138,107,595,8,13,7,80,75,1,1,16,129,15,3,1,10,0,0,0
535,25748,1,3,11,1,21,152,151,487,4,9,12,125,120,2,2,19,71,4,5,2,7,3,0,0
536,25748,6,8,12,0,31,82,62,234,2,4,3,55,50,1,0,14,180,9,6,0,11,1,0,0
537,25735,2,3,8,0,21,0,96,460,6,8,11,92,84,0,0,15,58,7,9,3,8,5,1,0
538,25735,8,2,14,0,28,0,67,495,7,10,12,43,40,0,0,22,103,9,6,2,7,0,1,0
539,25734,3,1,8,0,53,0,101,506,6,9,4,81,80,6,6,20,60,1,6,1,12,2,0,0
540,25734,25,0,13,0,46,0,37,104,0,1,0,40,34,1,1,13,106,10,13,3,9,2,0,0
541,25710,5,2,17,0,28,0,92,502,5,8,9,54,45,0,0,18,121,13,10,0,8,2,0,0
542,25710,8,4,10,1,45,0,85,315,1,15,7,72,71,1,1,7,79,9,15,0,8,2,0,0
543,25712,5,1,10,0,49,0,87,522,8,8,19,55,50,3,3,11,94,10,8,1,10,3,0,0
544,25712,6,1,7,0,39,0,84,318,2,12,15,70,60,0,0,11,68,20,5,1,9,7,0,0
545,25706,6,1,10,2,36,0,105,425,4,11,9,88,79,0,0,15,64,9,10,0,6,1,0,0
546,25706,5,4,11,1,29,0,77,422,4,9,7,60,47,2,2,21,119,11,6,1,14,2,0,0
547,25708,8,5,12,0,44,0,74,339,3,9,7,72,70,1,1,11,109,8,9,0,10,1,0,0
548,25708,6,1,6,0,32,0,88,301,5,8,3,83,73,0,0,20,78,8,1,0,17,6,0,0
549,25709,5,0,9,0,28,0,99,825,7,16,24,51,46,1,1,26,97,16,6,1,19,0,0,0
550,25707,6,2,11,1,40,0,77,320,4,15,8,67,64,2,2,6,147,24,10,3,5,0,0,0
551,25709,10,4,9,0,36,0,84,250,0,5,12,73,68,1,1,12,79,17,10,1,6,3,0,0
552,25707,8,0,13,0,20,0,130,649,9,23,14,89,78,1,1,24,70,12,7,0,8,2,1,0
553,25701,8,5,12,1,41,0,102,392,2,10,3,101,91,2,2,19,83,9,13,0,13,6,0,0
554,25701,5,2,13,1,36,0,66,323,3,8,4,55,46,1,1,22,113,9,8,0,5,2,0,0
555,25702,6,4,7,0,23,0,58,366,7,11,1,45,43,4,3,16,116,6,6,2,10,1,0,0
556,25711,5,2,12,0,27,0,88,469,2,11,12,44,37,0,0,24,111,15,6,0,11,4,0,0
557,25702,9,2,10,0,26,0,95,323,2,6,4,79,76,4,3,11,55,12,13,2,9,2,1,0
558,25711,6,3,10,1,44,0,97,245,2,9,12,73,68,2,2,12,88,11,12,0,12,0,0,0
559,25705,8,6,13,4,30,0,119,503,2,14,13,98,89,0,0,10,50,4,10,0,8,2,0,0
560,25705,5,7,15,2,38,0,68,375,5,5,7,42,38,6,6,15,138,14,4,0,13,0,1,0
561,25714,6,2,15,0,32,0,114,473,1,17,12,103,94,2,2,11,79,10,10,0,11,1,0,0
562,25714,8,0,14,0,32,0,74,405,8,10,11,62,60,0,0,10,97,15,7,2,5,1,0,0
563,25694,5,1,13,0,45,0,71,480,7,9,7,56,53,10,9,22,62,0,8,1,12,0,0,0
564,25694,20,0,9,1,48,0,53,115,2,0,5,56,53,4,3,8,74,7,14,1,15,6,1,0
565,25692,8,3,14,0,22,0,70,395,4,14,12,55,48,2,2,18,97,2,12,0,11,5,0,0
566,25692,1,1,20,0,23,0,100,257,2,2,10,85,74,2,1,17,68,13,12,1,9,0,1,0
567,25490,1,4,5,0,0,130,113,476,6,5,9,103,102,0,0,9,44,2,10,1,16,0,0,0
568,25490,4,1,16,0,0,59,32,162,1,2,1,30,26,0,0,9,131,6,4,3,8,0,2,0
569,23697,2,1,9,1,34,96,104,399,5,10,13,69,63,0,0,27,98,27,14,1,12,5,0,0
570,23697,8,2,8,0,34,123,93,496,11,27,13,61,52,0,0,24,110,10,15,0,11,8,1,0
571,23686,9,3,15,0,25,82,78,458,9,18,6,43,38,0,0,14,48,11,13,0,10,7,1,0
572,23673,3,1,12,0,32,58,62,183,0,9,5,41,37,0,0,21,115,24,10,1,10,4,0,0
573,23686,14,4,21,0,30,77,51,243,2,11,6,34,32,0,0,14,63,18,6,1,16,2,3,0
574,23673,6,3,10,0,38,136,108,524,21,24,5,77,74,0,0,18,64,9,10,4,15,3,0,0
575,23691,2,5,15,1,25,117,109,597,14,24,24,63,54,0,0,21,81,34,18,0,7,0,1,0
576,23691,15,2,12,0,14,140,125,607,25,34,21,67,59,0,0,24,77,24,10,3,10,9,0,0
577,23677,4,4,5,0,16,140,107,523,8,25,6,67,59,0,0,29,50,9,11,1,14,2,0,0
578,23677,15,1,20,0,23,85,56,438,11,9,10,34,31,0,0,10,127,25,7,6,11,1,0,0
579,23657,4,3,13,0,21,126,99,473,14,22,19,53,48,0,0,19,61,10,8,0,11,6,0,0
580,23657,10,6,9,0,32,70,55,228,2,10,4,50,43,0,0,11,95,22,6,1,15,3,1,0
581,23670,4,1,11,0,19,182,139,759,16,36,30,63,58,0,0,19,75,11,15,0,14,3,0,0
582,23670,23,1,20,0,21,119,93,440,5,11,19,53,47,0,0,24,94,36,7,0,14,1,0,0
583,23685,2,1,8,0,21,139,140,596,13,30,28,80,77,0,0,17,49,10,13,0,18,2,0,0
584,23685,18,0,14,0,27,74,68,226,2,10,11,42,36,0,0,16,100,30,11,2,15,2,0,0
585,23668,2,1,10,0,13,156,105,464,9,27,27,62,56,0,0,22,53,4,14,1,19,3,1,0
586,23668,29,4,20,0,26,44,57,113,0,4,1,44,36,0,0,9,98,27,15,0,4,1,1,0
587,24843,9,2,8,1,30,133,82,387,0,10,6,81,78,0,0,21,69,9,8,0,16,4,0,0
588,24843,2,3,16,0,38,85,63,220,0,9,6,70,67,0,0,9,101,10,11,4,12,4,1,0
589,25697,6,2,18,0,20,133,99,502,7,11,12,76,72,0,0,16,116,6,7,3,14,2,0,0
590,25697,9,2,10,0,21,101,110,370,2,7,17,85,81,0,0,14,107,11,4,2,15,2,0,0
591,25738,4,7,7,0,45,0,120,549,3,19,19,95,86,0,0,17,78,10,8,0,12,4,0,0
592,25738,5,2,18,2,46,0,68,280,2,7,5,60,55,0,0,10,127,24,9,1,8,2,1,0
593,25759,3,6,7,5,54,96,60,270,4,10,2,68,60,1,1,10,96,4,10,0,10,2,0,0
594,25759,10,3,13,1,44,96,82,241,3,4,4,79,73,2,2,12,76,8,3,0,13,6,1,0
595,25736,1,2,14,0,39,0,92,444,5,12,8,84,78,3,3,15,107,10,4,1,12,0,0,0
596,25736,121,3,10,0,29,0,91,501,3,8,11,83,76,0,0,14,111,12,8,1,10,5,0,0
597,25746,4,2,11,0,30,132,128,592,5,11,14,108,100,2,2,24,61,2,14,0,10,1,0,0
598,25746,25,2,17,0,44,38,47,197,1,1,4,41,37,1,1,11,119,14,6,4,11,4,0,0
599,25760,4,4,13,1,26,75,71,297,2,12,8,49,45,1,1,18,120,14,6,3,6,2,0,0
600,25769,4,4,7,1,25,60,91,511,4,11,10,79,74,0,0,8,103,4,9,1,9,5,0,0
601,25760,8,7,12,0,34,91,96,369,0,14,7,84,81,1,1,12,65,11,10,2,10,0,0,0
602,25769,6,2,12,1,28,76,79,409,4,7,3,67,62,0,0,9,92,14,4,1,11,0,1,0
603,25762,9,6,12,2,36,91,83,290,1,7,6,63,60,0,0,11,106,2,8,0,9,4,1,0
604,25762,6,4,18,0,36,127,84,277,1,2,3,72,68,0,0,12,94,7,2,0,15,1,0,0
605,84709,6,0,17,0,37,125,88,290,8,10,6,64,64,1,1,12,94,3,6,1,14,2,0,0
606,84709,20,1,9,1,36,59,73,277,4,4,3,59,51,6,6,12,107,10,11,0,16,5,0,0
607,25832,6,6,10,1,32,123,87,436,5,8,9,74,71,3,3,14,98,8,6,2,12,2,0,0
608,25832,9,3,15,1,32,122,81,331,3,8,9,63,59,3,3,10,109,8,4,1,13,2,0,0
609,91198,1,7,9,3,35,93,65,242,2,6,6,48,45,3,2,11,115,6,9,1,15,1,1,0
610,91198,10,6,14,1,28,88,83,245,0,6,4,75,68,6,6,13,68,6,7,0,7,1,1,0
611,84714,6,6,10,1,39,85,59,315,4,10,11,57,48,6,6,10,91,15,8,1,9,1,1,0
612,84714,8,5,14,1,35,96,97,404,4,15,17,75,70,2,2,16,70,9,6,0,15,1,0,0
613,25833,5,6,11,1,38,91,68,414,4,14,3,63,56,3,2,16,97,8,5,2,8,1,1,0
614,84713,5,8,8,2,46,66,59,301,5,8,10,54,49,8,7,17,57,16,10,1,15,0,0,0
615,25833,32,5,12,2,44,120,88,374,3,8,5,87,83,1,1,11,84,14,6,0,13,3,0,0
616,84713,6,0,14,2,39,75,55,391,3,16,5,47,38,0,0,18,60,7,8,1,10,9,3,0
617,84710,6,2,12,0,35,120,102,634,16,13,18,69,65,3,3,6,76,4,3,1,7,5,0,0
618,84710,20,6,8,0,38,71,55,286,2,4,4,59,51,5,5,8,102,13,6,2,17,1,0,0
619,25838,8,5,12,0,33,118,113,425,7,13,12,110,101,2,2,15,66,7,8,0,10,0,1,0
620,25838,6,2,10,1,32,101,55,226,2,6,9,50,40,2,2,12,134,13,8,1,13,2,0,0
621,98399,1,3,0,2,41,158,90,297,5,11,5,95,92,7,7,10,110,12,4,1,14,2,0,0
622,98399,6,2,0,0,32,136,100,366,4,12,9,84,74,2,1,9,98,11,6,0,12,3,0,0
623,100247,4,4,0,0,26,139,90,503,5,8,11,78,72,5,3,17,59,8,6,2,11,3,0,0
624,100247,15,4,0,1,27,86,63,335,2,8,12,49,45,1,0,14,88,8,10,0,9,4,2,0
625,87468,9,8,0,1,28,105,82,388,7,16,13,53,43,6,6,21,56,6,10,2,9,3,0,0
626,87468,5,2,0,1,33,77,59,294,3,7,7,42,33,9,8,23,80,16,5,2,14,4,2,0
627,95332,20,3,0,0,31,30,33,149,3,4,1,34,30,0,0,7,75,1,14,1,9,4,1,0
628,95332,8,8,0,0,33,103,74,293,3,1,9,56,51,0,0,14,37,4,9,0,11,2,1,0
629,91200,3,2,0,0,33,116,71,327,5,15,5,59,53,6,6,15,81,6,4,3,14,1,0,0
630,91200,6,4,0,1,36,102,65,339,5,6,2,60,56,1,1,9,77,15,7,0,14,5,1,0
631,96499,2,5,0,0,20,97,68,220,2,8,3,69,66,6,6,9,89,3,9,1,14,1,0,0
632,96500,2,3,0,2,38,66,52,137,1,0,5,52,46,7,6,14,133,7,6,3,16,2,0,0
633,96499,14,2,0,0,15,120,97,355,0,3,7,90,84,0,0,13,72,8,7,1,6,5,0,0
634,96500,6,3,0,1,30,152,118,514,7,7,5,100,92,1,1,18,51,0,6,3,15,2,0,0
635,94950,20,4,13,0,37,100,79,291,2,6,8,60,58,2,2,7,111,9,4,0,13,4,0,0
636,94950,2,4,10,1,31,165,108,394,2,8,14,79,75,3,3,12,79,6,6,2,12,1,0,0
637,96501,9,1,0,0,30,114,79,491,6,15,5,52,46,4,2,21,82,6,6,2,9,0,0,0
638,96501,15,3,0,0,32,130,92,355,1,6,10,84,78,4,4,12,61,16,8,3,7,5,0,0
639,95334,9,5,0,1,23,108,85,403,6,6,9,65,57,3,2,13,84,19,7,1,10,2,0,0
640,95334,8,2,0,1,24,132,96,615,18,19,15,68,64,1,1,9,85,6,4,3,13,0,1,0
641,94951,1,5,7,3,20,111,101,263,2,1,2,95,95,6,5,10,29,8,5,1,14,3,0,0
642,94951,3,3,14,0,26,51,33,166,2,8,1,32,32,4,4,7,105,1,4,2,5,2,0,0
643,94953,2,6,12,2,30,151,92,428,2,6,11,83,80,2,2,7,65,3,3,1,14,0,0,0
644,94952,3,4,16,1,45,71,60,352,6,9,8,52,50,8,8,5,135,6,2,1,9,1,0,0
645,94953,1,7,11,1,29,98,73,290,3,3,6,67,62,3,3,10,108,6,6,0,9,1,0,0
646,94952,4,5,10,0,33,161,110,363,2,8,8,102,98,4,3,8,60,8,3,1,12,6,1,0
647,94955,4,4,11,0,34,164,116,542,8,14,6,101,96,3,3,15,73,8,5,2,14,0,0,0
648,94955,20,2,16,2,37,84,79,268,3,8,11,71,68,4,4,7,127,14,8,1,9,0,1,0
649,94954,9,3,13,1,40,122,92,677,11,11,19,65,61,7,5,12,54,6,6,1,8,2,0,0
650,94957,9,4,7,1,45,76,72,184,1,10,7,73,70,5,5,12,82,10,11,0,12,2,0,0
651,94954,20,2,15,0,35,61,63,339,4,6,14,50,48,1,1,13,99,11,5,2,10,5,1,0
652,94957,1,1,13,1,38,107,86,397,4,9,10,70,66,4,4,16,101,10,5,2,11,5,0,0
653,94956,3,4,12,0,20,108,70,283,2,5,7,58,55,5,5,13,72,13,4,1,9,8,0,0
654,94956,2,6,10,2,24,112,71,310,4,12,2,67,64,1,1,8,75,7,10,2,4,1,0,0
655,102921,6,0,0,0,21,195,133,468,13,17,13,91,87,0,0,14,119,7,8,0,14,1,0,0
656,109178,10,4,0,0,33,75,73,278,2,6,2,66,65,0,0,9,71,5,2,2,13,4,1,0
657,102921,14,1,0,0,22,82,103,206,2,7,8,90,86,3,3,11,112,17,9,0,8,6,2,0
658,109178,2,4,0,2,33,108,73,277,1,5,7,61,60,0,0,9,77,6,9,2,10,2,0,0
659,102923,6,6,0,0,22,131,90,427,5,3,6,65,63,0,0,12,78,6,7,2,10,1,0,0
660,102923,1,5,0,0,26,122,86,364,4,6,12,78,75,1,1,10,75,3,4,1,13,2,0,0
661,103849,6,4,12,0,11,145,120,259,2,7,8,103,97,1,1,9,87,15,6,3,6,1,1,1
662,103849,8,2,15,0,17,113,98,280,0,15,7,79,79,3,3,11,142,7,3,0,8,2,1,0
663,103853,5,6,8,0,24,141,123,432,4,5,4,114,108,4,4,10,70,8,8,0,13,1,0,0
664,103853,6,2,12,0,24,117,69,409,2,8,6,53,51,1,1,8,150,6,3,3,16,0,1,0
665,116982,4,4,10,0,28,151,97,277,2,1,17,79,76,4,3,25,96,4,9,0,13,6,0,0
666,116982,14,4,16,0,36,102,91,254,0,4,9,86,85,0,0,15,91,1,6,1,10,2,1,0
667,109184,1,2,15,0,19,134,100,596,1,6,15,83,80,2,2,22,84,1,5,3,6,2,0,0
668,109184,5,5,11,3,26,107,77,175,2,1,5,72,68,10,9,15,109,6,6,3,19,0,0,0
669,109182,1,5,12,1,17,176,117,638,3,10,14,85,81,5,5,12,60,4,10,1,11,2,0,0
670,109182,15,3,16,1,22,67,58,297,1,4,5,43,41,3,2,9,134,10,5,2,9,0,0,0
671,104321,3,5,13,0,18,105,66,291,5,11,1,56,49,0,0,16,141,11,7,5,3,4,0,0
672,104321,10,3,13,0,12,109,109,358,3,11,2,102,92,0,0,21,79,11,2,4,10,2,0,0
673,114118,20,3,7,2,18,115,98,227,1,2,3,93,87,11,10,15,118,12,9,2,16,3,0,0
674,114118,3,1,14,1,23,179,123,369,5,12,7,105,102,3,3,16,112,2,3,0,8,1,1,0
675,104320,3,2,10,1,17,123,68,379,2,6,5,55,54,4,4,11,130,14,7,0,9,3,0,0
676,104320,8,4,11,0,18,200,120,485,2,14,11,102,99,0,0,13,75,6,8,0,6,1,0,0
677,113592,4,7,8,0,28,131,90,237,2,7,7,68,63,1,1,12,106,12,7,1,8,2,0,0
678,113592,8,4,17,0,27,145,111,611,8,12,11,90,85,3,3,9,105,6,3,0,6,3,1,0
679,114117,4,6,11,0,25,168,137,422,4,15,8,108,105,0,0,11,133,10,6,1,6,2,1,0
680,114117,1,4,9,0,22,124,116,350,2,11,12,88,83,8,7,14,160,16,5,1,12,1,1,0
681,116983,9,4,9,0,18,94,67,199,0,2,9,63,59,1,1,13,101,9,7,1,6,3,0,0
682,114126,20,7,8,0,20,123,99,372,6,9,8,87,83,2,2,8,99,14,4,5,5,2,0,0
683,114127,4,5,10,0,38,93,103,391,5,7,5,88,80,4,3,12,133,16,1,1,18,1,0,0
684,116983,6,5,12,0,31,165,100,324,4,9,5,86,85,2,2,8,79,2,4,1,13,1,1,0
685,114126,9,4,12,1,18,153,108,362,10,13,10,85,81,1,1,15,103,10,6,1,5,1,0,0
686,114127,3,3,8,0,46,161,122,389,5,16,8,94,92,5,5,10,121,7,3,0,15,0,0,0
687,114131,9,4,13,1,26,108,100,372,4,5,5,80,78,9,7,7,121,10,3,2,15,2,0,0
688,114131,4,4,13,0,18,125,132,418,7,11,15,100,95,1,1,14,96,5,1,1,10,2,1,0
689,114120,1,1,16,0,15,227,166,910,23,19,22,111,104,5,5,15,95,6,3,0,12,0,0,0
690,114120,20,3,16,0,16,144,99,327,1,6,5,81,78,2,2,9,129,19,2,0,6,8,1,0
691,114128,1,6,8,1,22,195,145,617,12,7,19,103,97,5,5,22,97,7,3,0,13,1,0,0
692,114128,2,2,13,2,29,113,89,256,0,7,11,76,71,0,0,8,142,7,6,3,9,4,1,0
693,147005,4,2,8,0,33,130,108,351,3,11,8,87,87,0,0,10,114,7,4,2,11,3,1,0
694,147005,6,3,13,0,27,161,118,395,5,7,8,94,90,0,0,11,91,13,9,0,9,2,0,0
695,133767,9,3,8,0,26,132,91,473,7,16,14,67,63,4,3,20,102,7,6,0,8,3,0,0
696,133767,20,4,8,2,24,150,106,458,5,7,5,101,94,9,7,19,74,16,5,4,11,2,1,0
697,133768,2,2,11,0,24,219,153,483,9,14,11,127,122,3,3,16,73,0,8,2,15,1,0,0
698,133768,1,4,10,0,28,58,64,223,1,0,3,55,48,3,1,16,168,14,6,0,9,2,0,0
699,133769,3,5,7,1,32,128,100,332,3,10,7,90,85,1,1,10,145,14,3,1,5,0,1,0
700,133769,4,4,8,0,22,177,134,433,5,13,4,122,115,1,0,8,108,9,3,1,10,4,1,0
701,133770,20,3,11,1,35,101,96,372,3,7,5,86,84,2,2,19,95,7,4,0,7,1,0,0
702,133770,1,4,9,0,31,138,104,316,6,8,8,81,77,5,5,11,106,8,6,2,14,2,0,0
703,133775,2,2,12,0,14,188,159,516,11,16,20,123,116,3,2,21,110,17,3,1,10,0,0,0
704,133775,9,3,8,1,17,108,120,447,4,17,7,84,77,2,2,17,171,16,10,1,9,2,0,0
705,133772,4,3,13,0,26,140,106,475,10,13,11,85,80,1,1,11,194,15,5,0,10,2,1,0
706,133772,2,3,10,0,20,220,182,572,10,15,19,148,141,1,1,14,108,13,4,0,7,0,2,0
707,133776,4,4,13,0,22,193,126,525,7,19,8,105,95,5,5,14,60,2,4,0,13,1,1,0
708,133776,20,1,13,0,26,92,64,165,1,2,5,54,48,3,3,11,139,19,5,2,13,3,0,0
709,133774,1,5,13,1,25,154,99,402,1,12,6,90,81,3,3,10,116,18,1,0,8,1,0,0
710,133774,4,5,12,0,23,111,106,283,3,18,5,102,93,2,2,12,88,12,5,0,9,2,1,0
711,133777,3,2,14,0,21,96,84,343,6,10,0,73,69,4,3,11,93,10,10,1,5,2,0,0
712,133777,2,3,11,0,16,138,88,307,1,10,8,76,72,3,3,11,92,10,8,1,10,3,1,0
713,133773,3,3,11,0,18,154,139,475,16,24,13,111,106,3,3,11,89,3,6,0,6,2,0,0
714,133771,9,5,4,2,18,123,107,354,5,12,7,92,84,6,5,12,98,7,10,1,11,0,0,0
715,133773,20,4,13,1,17,112,83,280,3,3,8,61,52,4,1,18,143,23,6,1,8,1,0,0
716,133771,3,2,12,0,19,97,89,321,4,7,8,69,66,1,1,12,136,12,3,1,5,3,0,0
717,155532,6,4,12,1,17,98,133,180,0,3,1,128,122,3,1,8,59,5,13,0,7,0,0,0
718,155532,2,4,8,0,11,49,59,98,3,5,2,60,57,3,3,10,141,3,6,1,6,5,0,0
719,155533,6,3,13,1,28,140,111,426,7,15,10,88,83,0,0,10,126,14,4,0,6,2,0,0
720,155533,4,4,9,0,24,162,133,534,6,14,19,107,99,1,1,20,103,16,4,1,14,0,0,0
721,154933,10,5,12,0,18,70,75,238,4,6,5,59,53,0,0,8,90,22,4,2,13,3,1,0
722,154933,9,7,11,1,18,121,97,330,4,22,11,66,64,0,0,13,73,6,4,0,9,0,0,0
723,161865,15,3,8,2,16,90,95,261,5,9,10,75,73,0,0,17,68,14,8,0,10,3,0,0
724,155534,6,7,11,0,21,163,134,363,3,15,7,118,114,2,2,11,61,7,4,1,12,0,1,0
725,161865,2,1,7,0,13,84,61,231,6,14,8,45,43,0,0,13,105,9,12,2,8,2,0,0
726,155534,4,3,12,0,23,72,57,159,2,7,5,53,49,2,2,7,136,15,4,1,10,4,0,0
727,153844,8,2,7,0,24,187,119,712,16,32,21,72,69,1,1,19,147,13,3,0,13,1,0,0
728,153844,3,0,8,0,18,177,119,341,3,13,4,101,93,4,4,21,110,32,7,1,14,1,1,0
729,153855,5,7,4,0,19,87,63,178,2,5,3,57,51,8,7,16,53,9,7,0,15,2,0,0
730,153855,8,3,12,1,31,110,56,386,8,10,4,41,37,0,0,7,86,5,9,0,8,2,1,0
731,153854,10,2,10,1,15,147,100,305,5,16,9,72,70,3,2,18,63,16,1,0,12,0,0,0
732,153854,8,4,15,0,28,127,77,396,10,16,8,54,52,3,3,6,122,16,4,1,11,1,0,0
733,162320,20,3,16,0,19,105,83,427,5,8,6,60,54,7,6,10,109,16,6,2,8,4,1,0
734,162320,16,3,15,1,22,147,128,415,8,16,17,97,92,2,2,17,70,8,6,0,8,3,2,0
735,156795,4,4,12,0,25,173,125,377,0,11,9,99,95,1,1,13,124,20,3,4,9,1,0,0
736,156795,10,5,9,4,36,176,129,447,7,20,11,105,103,6,6,14,130,11,4,1,15,1,0,0
737,162815,3,6,15,0,20,148,108,283,2,10,5,96,90,3,2,9,71,8,6,1,12,3,1,0
738,162815,5,6,16,0,19,80,65,213,0,8,2,54,49,7,7,11,129,10,4,0,11,0,1,0
739,154935,9,4,8,2,31,108,93,376,11,16,14,69,63,1,1,13,165,12,11,1,8,1,0,0
740,154935,6,2,12,0,15,171,160,505,7,12,18,124,116,1,1,24,95,15,4,3,7,1,0,0
741,161867,4,5,14,0,21,100,94,310,1,12,3,81,72,5,4,16,108,12,3,0,13,2,0,0
742,161867,15,6,13,1,22,114,94,325,5,12,10,72,69,4,4,12,103,12,8,0,10,1,0,0
743,153974,1,3,,0,11,193,134,603,2,19,13,80,79,11,9,18,74,11,11,3,16,0,1,0
744,153974,14,2,,0,13,62,78,262,2,11,8,57,55,0,0,18,105,19,9,1,6,1,1,0
745,153976,1,7,9,0,29,161,119,433,5,15,5,105,101,5,4,16,87,9,6,0,13,5,0,0
746,153976,5,3,17,0,33,69,68,169,1,9,1,61,56,8,7,14,138,15,7,1,11,1,0,0
747,162322,20,5,7,0,23,130,128,466,4,26,9,91,86,3,3,18,65,10,4,1,10,3,1,0
748,162322,6,5,16,0,27,94,68,271,3,10,5,54,50,1,0,13,124,26,2,3,9,3,1,0
749,154681,2,1,10,0,12,102,88,277,3,11,1,81,73,8,8,15,90,25,3,2,11,4,0,0
750,154681,8,4,12,0,17,180,106,448,11,25,15,77,74,1,0,15,109,11,8,0,7,1,1,0
751,170567,23,4,,0,21,144,104,447,3,7,9,83,80,4,3,11,108,14,8,2,10,5,0,0
752,170567,4,6,,0,26,129,115,431,6,14,6,95,90,5,5,18,102,7,6,1,12,2,1,0
753,175502,5,3,,0,28,91,81,567,9,16,7,57,54,2,2,19,111,11,6,1,6,2,1,0
754,175502,20,2,,0,22,142,103,309,3,11,5,81,76,8,6,18,80,16,8,1,17,2,1,0
755,170568,23,3,,0,25,124,128,403,5,13,5,104,98,1,1,11,111,14,4,0,12,3,0,0
756,170568,4,2,,0,24,174,127,485,6,14,9,81,77,9,9,17,134,13,6,1,19,0,0,0
757,175504,5,4,,0,23,124,119,328,5,15,6,94,90,10,10,10,101,16,5,0,18,2,0,0
758,175504,2,1,,0,23,115,105,395,9,16,18,72,67,1,1,11,138,15,4,2,11,1,1,0
759,173969,25,4,10,0,20,135,98,373,5,14,3,75,72,0,0,13,120,24,4,0,9,1,0,0
760,173969,3,1,9,0,23,169,112,398,13,24,10,80,77,0,0,9,111,14,9,0,14,1,0,0
761,194513,81,6,7,0,26,49,53,276,4,8,7,34,31,0,0,20,111,17,6,1,11,1,0,1
762,194513,25,6,8,0,20,115,90,348,5,17,10,60,58,0,0,17,60,8,6,2,8,3,0,1
763,180660,3,3,,0,23,132,92,366,9,18,7,63,58,2,2,14,156,19,12,1,6,0,0,0
764,180660,15,4,,0,14,143,126,387,4,19,12,97,90,2,1,19,92,18,8,2,4,4,1,0
765,182279,2,3,,0,11,172,147,384,5,18,15,118,117,5,5,6,154,15,5,4,12,1,0,0
766,194521,12,7,9,0,24,87,90,235,3,8,2,75,69,0,0,14,172,27,7,0,11,1,1,0
767,182279,23,1,,0,7,187,122,341,6,15,4,109,106,0,0,13,174,18,3,0,4,1,2,0
768,194521,25,2,13,0,18,197,135,527,7,28,5,101,97,0,0,21,130,8,1,2,8,0,0,0
769,182525,20,3,,0,15,120,108,247,4,6,9,89,83,3,3,11,100,19,8,3,7,0,0,0
770,175514,4,5,11,0,23,128,99,329,4,12,13,81,72,2,1,17,87,8,3,1,13,4,1,0
771,182525,6,2,,0,16,136,103,408,11,19,8,78,75,3,2,11,119,6,3,1,11,2,0,0
772,175514,5,2,15,2,30,79,85,281,4,8,8,67,58,8,7,13,102,12,8,1,9,1,2,0
773,182527,20,5,,0,15,130,97,427,4,11,9,65,63,5,5,17,85,11,10,2,10,1,1,0
774,180662,4,5,,0,28,166,103,605,10,13,14,67,64,6,4,13,123,15,6,1,13,1,2,0
775,182527,14,0,,0,16,93,84,457,11,11,13,57,55,1,1,13,93,11,4,3,3,3,5,0
776,180662,10,3,,1,25,138,114,416,3,15,12,93,87,3,2,12,79,13,6,1,7,1,0,0
777,175513,2,0,,0,20,153,109,281,0,11,5,96,92,9,8,20,120,7,5,0,15,6,0,0
778,182526,9,4,,0,17,111,83,430,10,19,7,55,48,11,10,14,124,21,5,0,15,1,0,1
779,175513,5,1,,0,28,115,105,298,3,7,5,93,89,7,7,11,122,11,5,0,12,4,1,0
780,182526,16,4,,1,14,137,118,441,4,21,17,88,84,3,3,10,76,19,1,1,9,1,1,1
781,182280,2,7,,0,21,127,120,390,4,10,8,96,88,5,5,11,80,9,2,0,13,4,0,0
782,182280,6,7,,0,26,108,82,319,5,9,11,61,57,4,2,10,129,10,4,0,8,0,1,0
783,180664,4,4,,0,28,166,121,343,5,17,12,94,88,7,5,17,100,6,3,1,17,1,0,0
784,180664,20,2,,0,27,113,105,411,2,6,10,75,69,4,4,8,121,17,4,3,10,1,0,0
785,180671,20,3,,0,16,107,95,332,5,15,11,59,57,6,6,17,177,16,9,1,12,3,0,0
786,180671,2,2,,1,19,185,146,326,4,16,17,114,108,3,2,14,95,15,6,1,10,0,0,0
787,207949,8,5,,0,34,109,83,311,5,13,4,53,52,5,4,12,105,22,11,1,9,1,0,0
788,207949,1,5,,1,25,146,91,361,8,22,8,75,71,6,5,18,82,13,6,0,13,0,1,0
789,193509,6,3,,0,19,153,123,530,15,21,8,98,94,6,4,14,126,20,3,2,14,0,0,0
790,193509,9,2,,1,23,143,110,377,6,20,13,88,87,5,5,14,120,21,3,1,10,0,0,0
791,211261,10,2,14,1,10,116,101,410,11,18,6,76,73,3,3,10,137,14,3,3,7,4,1,0
792,211261,3,4,7,0,19,164,114,412,10,14,5,99,95,8,8,8,111,18,5,0,14,0,0,0
793,193511,6,5,11,0,37,127,104,303,1,16,8,84,80,2,2,11,99,16,8,1,8,1,0,0
794,193511,9,2,12,0,26,106,107,373,4,16,16,67,59,8,6,19,121,16,4,0,21,3,1,0
795,207951,8,5,,0,26,200,135,567,11,31,11,96,93,5,4,20,74,11,8,2,10,0,0,0
796,207951,1,3,,0,27,142,91,358,7,11,17,59,53,10,10,19,136,31,4,0,12,3,1,0
797,210109,5,1,,0,23,169,145,380,7,14,14,104,96,12,9,18,103,20,7,1,15,2,0,0
798,210109,4,1,,2,21,150,105,405,5,20,7,81,75,4,4,13,155,14,5,1,12,3,1,0
799,207953,8,1,,0,28,163,133,617,14,30,14,83,76,6,6,16,100,14,7,0,15,4,1,0
800,207953,1,3,,0,28,124,92,387,7,14,15,65,62,9,8,23,132,30,8,2,16,2,1,0
801,210415,5,2,12,0,14,117,93,424,9,19,2,66,60,11,10,16,129,15,4,0,12,1,1,0
802,210415,4,4,13,2,19,120,103,249,4,15,2,93,87,6,5,13,100,19,10,2,10,2,2,0
803,225417,11,2,12,0,12,125,105,262,5,10,12,90,86,2,2,9,92,42,3,4,8,2,0,0
804,225417,8,0,8,0,11,221,136,949,26,42,32,67,64,6,6,15,113,10,5,0,11,1,0,0
805,240801,12,4,4,0,18,93,103,200,3,7,4,81,75,0,0,16,93,18,8,2,13,2,0,0
806,240801,11,1,12,1,22,94,80,327,8,18,4,65,64,0,0,12,128,7,7,0,6,6,0,0
807,203137,1,3,10,1,26,94,92,207,4,16,6,71,68,10,10,13,157,23,5,0,11,0,0,0
808,203137,8,5,14,0,25,188,155,477,9,23,15,98,93,7,6,16,117,16,2,0,11,3,1,0
809,227303,81,5,16,1,20,46,51,147,0,5,0,35,30,0,0,11,124,21,5,2,4,2,1,0
810,227303,16,3,9,0,12,149,134,498,10,21,19,91,87,0,0,17,44,5,4,2,20,4,0,0
811,227309,20,7,,1,26,163,129,440,4,27,12,96,91,2,2,17,125,13,5,1,7,0,0,0
812,227309,10,3,,0,23,122,111,271,4,13,3,89,83,3,2,15,125,27,5,0,13,3,0,0
813,208365,3,5,,0,27,83,72,232,4,13,0,62,57,7,7,8,143,26,6,2,13,4,0,0
814,208365,5,2,,0,18,133,118,355,5,26,7,87,83,9,5,19,79,13,3,0,12,0,1,0
815,209469,2,4,,0,21,129,101,251,6,15,15,75,70,2,0,18,142,18,4,3,7,0,0,0
816,209469,8,5,,0,20,217,126,408,5,18,12,98,92,4,3,19,104,15,7,0,10,3,0,0
817,227305,20,6,,0,16,116,94,355,4,15,10,67,64,5,5,14,95,14,5,1,7,1,1,0
818,227305,15,3,,0,11,111,79,233,3,14,5,62,58,3,2,9,87,15,8,3,9,5,0,0
819,218861,4,0,,0,18,133,112,366,6,13,10,89,86,3,3,12,168,16,9,0,10,0,0,0
820,218861,6,3,,1,12,198,151,431,7,16,7,131,126,7,6,14,118,13,3,0,11,1,0,0
821,227301,9,4,9,1,20,158,120,537,7,25,11,75,71,8,7,16,60,11,7,0,13,3,0,0
822,227301,14,2,12,0,19,82,65,335,3,11,12,40,36,1,1,17,108,25,7,0,7,0,0,0
823,227307,9,6,,0,22,79,76,258,8,17,9,57,53,4,2,9,167,14,7,0,7,1,1,0
824,227307,6,4,,0,11,176,133,406,7,14,9,104,101,3,2,17,87,17,4,0,13,2,0,0
825,209467,2,5,,0,18,86,81,304,8,14,4,58,54,7,6,9,121,5,4,2,11,0,2,0
826,209467,10,2,,0,14,133,114,365,4,5,9,86,82,4,3,12,77,14,4,2,9,2,1,0
827,180689,1,3,,0,24,163,128,611,17,27,22,78,73,6,6,17,121,16,3,1,14,1,0,0
828,180689,2,2,,0,30,133,122,372,5,16,13,88,86,7,7,19,125,27,7,2,10,0,0,0
829,180688,4,5,,1,22,123,92,163,5,17,3,85,83,6,5,8,250,22,7,1,7,1,2,0
830,180688,3,4,,0,11,254,188,415,4,22,5,175,170,4,3,14,105,17,3,0,8,4,0,0
831,180691,20,2,,0,14,94,86,335,5,15,6,64,56,7,4,12,113,19,7,0,6,3,2,0
832,180691,4,3,,0,20,163,131,626,14,19,17,76,74,12,11,17,85,15,6,0,15,0,0,0
833,180690,20,2,,0,24,127,94,223,1,3,11,63,62,7,7,24,118,9,5,2,17,2,0,0
834,180690,9,6,,0,26,117,113,506,7,9,7,75,74,7,5,23,91,3,9,2,8,4,0,0
835,244305,8,4,,0,11,208,128,521,15,21,26,70,68,1,1,14,103,9,6,1,4,0,0,0
836,244305,10,3,,1,17,125,97,251,3,9,2,77,73,6,6,10,97,21,6,2,13,0,0,0
837,244307,6,4,,0,23,229,152,508,8,26,7,126,117,8,7,18,114,17,6,0,11,0,0,0
838,244307,5,3,,0,27,106,97,355,4,17,6,70,68,5,4,11,189,26,7,1,12,2,0,0
839,244309,5,3,,0,20,158,125,436,10,28,7,86,83,7,6,17,109,19,7,0,12,3,0,0
840,244309,8,4,,0,19,141,108,477,7,19,10,75,69,4,2,13,124,28,10,0,10,0,1,0
841,244317,8,3,11,1,28,168,123,612,18,21,18,88,85,3,3,14,91,16,7,0,8,1,0,0
842,244317,6,2,9,0,18,110,87,246,5,16,9,77,71,7,5,19,114,21,4,0,10,3,1,0
843,244315,5,2,,0,7,151,110,366,5,20,14,74,69,4,4,19,70,17,3,3,13,1,0,0
844,244315,10,4,,2,17,106,67,317,8,17,4,51,46,4,2,9,107,20,7,1,9,2,1,0
845,244313,6,3,10,0,18,163,126,371,8,23,4,108,107,3,3,17,104,14,5,0,7,3,2,0
846,244313,8,3,8,0,22,170,105,498,9,14,8,74,69,0,0,15,144,23,9,0,8,0,1,0
847,181969,1,4,,0,32,153,129,528,11,35,7,89,82,5,4,16,96,16,6,3,7,1,0,0
848,181969,14,5,,0,34,99,79,315,2,16,5,57,55,2,1,17,138,35,7,0,9,1,1,0
849,249675,4,0,7,0,17,167,139,479,11,22,10,112,106,8,6,23,147,17,5,1,18,3,1,0
850,249675,3,2,13,0,29,170,141,572,17,17,5,112,109,2,2,11,140,22,7,0,8,0,1,0
851,249677,3,1,,0,15,155,106,291,8,10,3,90,86,5,4,16,147,21,4,1,11,1,0,0
852,249677,2,2,,0,13,189,143,454,8,21,11,109,101,2,1,10,123,10,6,1,9,1,0,0
853,248939,9,7,8,1,27,124,111,361,3,13,15,80,78,6,5,12,123,27,4,1,11,0,0,0
854,248939,1,3,12,0,19,190,114,453,5,27,11,84,83,2,2,12,115,13,4,1,9,4,0,0
855,181982,1,5,12,1,44,98,109,468,6,16,6,74,70,6,4,9,104,18,5,1,11,1,0,0
856,181982,4,7,11,1,40,111,102,387,4,18,4,78,77,3,2,10,106,16,2,1,10,3,0,0
857,181992,1,2,,0,32,169,111,423,7,22,8,84,76,4,4,17,120,15,5,1,7,1,1,0
858,181992,6,4,,0,32,134,104,283,5,15,8,86,82,9,8,11,124,22,8,0,11,2,0,0
859,254977,3,3,,0,28,178,146,373,7,15,1,124,121,3,3,11,170,14,5,0,8,1,0,0
860,254977,4,4,,2,31,203,155,346,0,14,2,131,128,6,5,10,167,15,7,0,8,1,0,0
861,254979,9,2,,1,28,171,159,390,4,17,10,116,115,7,5,13,103,5,11,1,8,2,0,0
862,254979,3,3,,0,25,114,91,232,0,5,2,79,73,4,4,9,191,17,8,0,9,2,0,0
863,254981,4,2,,0,50,98,76,357,5,16,1,57,54,5,5,8,115,9,9,0,13,0,0,0
864,254981,2,3,,0,47,89,107,337,5,9,4,73,73,6,3,17,79,16,4,1,10,3,0,0
865,254975,2,4,,1,31,135,111,325,7,15,4,89,86,5,5,16,133,12,1,0,11,3,0,0
866,254975,1,2,,1,41,110,102,274,3,12,1,88,83,6,6,7,123,15,11,1,14,1,0,0
867,254999,3,4,11,0,32,175,133,386,6,16,5,110,108,9,8,6,121,19,7,0,9,1,1,0
868,254999,2,2,11,0,26,159,123,451,4,19,6,101,98,4,4,13,140,16,1,1,8,0,2,0
869,254997,4,2,,0,30,238,169,702,21,21,19,114,113,6,6,15,107,11,8,1,13,0,0,0
870,254997,20,0,,0,27,126,108,265,5,11,6,76,74,7,4,15,159,21,1,0,13,2,1,0
871,282887,1,2,,0,29,151,136,589,9,20,3,100,98,11,11,14,103,15,6,0,18,0,0,0
872,282887,4,2,,0,19,140,111,534,6,15,6,85,81,5,3,23,146,20,3,0,12,3,0,0
873,281081,5,3,,0,14,204,141,585,7,19,10,104,99,8,6,22,90,9,4,0,15,1,1,0
874,281081,3,4,,2,34,117,93,280,9,9,7,78,77,5,5,6,147,19,6,2,10,2,1,1
875,281083,5,4,,0,21,148,121,479,8,14,9,85,82,4,3,17,65,10,6,0,13,1,0,0
876,281083,3,6,,0,30,74,69,214,4,10,3,63,60,1,1,7,117,14,5,0,4,1,0,0
877,268575,8,3,,0,21,179,107,520,18,27,15,68,63,10,8,17,97,10,5,1,17,0,0,0
878,268575,6,4,,0,18,84,80,213,3,10,6,70,66,2,2,12,104,27,7,0,8,4,1,0
879,268577,8,3,9,0,14,160,115,506,12,25,16,83,79,3,3,14,152,12,7,0,5,2,0,0
880,268577,10,6,14,0,13,159,143,408,6,12,19,112,107,2,2,8,114,25,4,0,9,0,0,0
881,281089,5,5,,2,25,130,92,332,7,11,12,60,58,4,4,13,116,21,9,0,12,0,0,0
882,281089,6,4,,0,18,138,112,480,10,21,9,88,80,3,1,11,82,11,5,0,12,3,1,0
883,281091,5,5,10,1,25,92,57,148,3,3,7,44,44,2,2,15,175,40,6,0,8,1,1,0
884,281091,8,1,8,0,21,220,162,754,24,40,22,103,101,7,7,17,73,3,3,0,16,2,1,0
885,268581,8,1,11,0,19,141,101,566,14,20,24,53,49,5,4,18,174,24,6,0,8,1,0,0
886,268581,6,4,10,0,6,193,155,586,6,24,12,123,113,3,3,23,84,20,5,1,9,1,0,0
887,281433,4,2,,0,15,137,101,273,9,14,9,86,83,2,0,16,147,21,8,2,4,1,1,0
888,281433,6,1,,0,14,225,151,656,17,21,15,114,110,5,4,18,115,14,6,1,12,1,0,0
889,282891,4,4,,1,22,126,85,272,9,20,8,61,57,9,8,13,114,13,8,1,14,1,0,0
890,282891,10,3,,0,18,114,106,239,3,13,5,84,81,4,0,15,79,20,3,0,9,0,1,0
891,293998,23,2,9,0,16,165,117,391,5,31,11,93,88,0,0,12,106,36,6,2,10,2,0,0
892,293998,10,3,9,0,16,138,117,792,24,36,14,75,74,3,2,14,121,31,4,0,6,0,0,0
893,281435,2,2,,0,18,161,121,390,7,16,10,101,96,2,2,9,156,13,5,2,11,1,0,0
894,281435,6,3,,0,15,196,139,374,6,13,9,117,114,8,8,13,139,16,2,1,14,2,1,0
895,282893,1,4,11,1,37,148,121,451,9,17,5,94,91,3,3,12,127,12,3,0,15,0,0,0
896,282893,5,3,7,1,33,138,124,395,4,12,3,92,89,8,8,18,129,17,4,0,8,1,0,0
897,294001,20,2,,0,26,97,82,132,1,3,6,68,67,10,9,10,136,20,1,1,16,2,1,0
898,294001,5,2,,0,19,169,125,475,7,20,6,103,98,4,4,15,82,3,4,1,12,1,0,0
899,294006,12,1,,0,18,127,106,428,12,19,10,68,65,5,5,15,126,17,8,1,10,4,1,0
900,282901,1,8,,0,24,115,81,371,14,20,8,51,48,10,10,17,156,32,5,0,12,2,2,1
901,294006,29,1,,0,17,124,134,331,7,17,13,94,91,6,2,16,93,19,2,5,12,4,1,0
902,289311,20,1,,1,38,81,78,311,5,5,2,59,55,13,8,13,152,20,1,0,17,2,2,0
903,282901,10,0,,0,19,194,157,765,15,32,13,116,110,3,3,18,62,20,10,0,11,1,2,1
904,289311,16,5,,0,37,133,139,469,7,20,6,121,115,6,6,11,66,5,6,0,16,0,1,0
905,283751,2,1,,0,23,188,141,672,13,27,6,106,100,13,10,15,71,11,1,0,13,3,1,0
906,283751,81,2,,0,29,92,82,309,6,11,4,61,61,3,2,8,143,27,7,0,6,3,1,0
907,255013,9,7,,0,12,169,134,428,7,17,16,92,87,5,4,11,129,18,9,0,7,1,0,0
908,255009,20,1,,0,13,134,115,210,1,10,11,83,82,2,2,14,162,37,9,1,9,1,0,0
909,255013,2,3,,0,15,116,105,314,7,18,9,85,81,5,4,13,135,17,4,0,9,1,0,0
910,255009,3,0,,0,26,255,177,653,13,37,16,119,119,5,5,13,125,10,8,0,9,0,1,0
911,255017,3,3,,1,24,207,169,372,8,17,6,148,140,13,12,14,134,14,7,0,22,0,0,0
912,255017,9,3,,0,19,152,111,333,8,14,6,84,83,3,2,15,229,17,4,0,10,2,0,0
913,255015,2,5,,0,23,158,121,274,10,14,4,106,102,7,4,9,107,13,6,0,12,0,0,0
914,255015,4,3,,0,9,119,83,315,5,13,4,69,64,2,2,17,158,14,3,1,14,1,0,0
915,255019,1,1,,0,29,129,147,601,13,24,15,98,95,8,8,12,119,14,2,1,9,0,0,0
916,255019,20,3,,1,25,100,109,349,4,14,2,90,86,8,6,12,135,24,6,1,13,3,0,0
917,255027,2,1,,0,33,142,133,331,3,14,2,106,105,3,3,7,98,4,6,1,9,3,1,0
918,255027,20,3,,0,30,68,83,168,0,4,0,63,61,13,12,8,156,14,2,0,14,5,0,0
919,255029,9,3,,0,25,181,157,550,9,25,11,125,122,2,2,15,126,16,14,1,4,2,1,0
920,255029,4,6,,0,25,130,111,332,2,16,7,86,82,5,3,15,205,25,4,1,14,2,1,0
921,255023,20,2,,0,14,135,124,350,5,13,10,91,90,11,11,15,121,55,4,2,15,3,0,0
922,255023,9,4,,0,17,167,138,856,20,55,21,74,72,4,2,15,147,13,8,0,6,0,0,0
923,255025,1,5,,0,22,144,137,523,9,21,6,88,88,4,3,8,144,13,6,1,9,0,0,0
924,255025,2,0,,1,17,127,119,258,1,13,3,93,90,2,1,10,147,21,3,0,14,1,1,0
925,294722,16,4,,0,27,100,113,385,5,11,6,97,94,5,3,18,77,15,11,0,6,4,0,0
926,294722,4,6,,0,30,106,94,348,7,15,4,59,57,7,5,17,149,11,9,0,13,0,0,0
927,294761,11,0,8,0,20,165,118,325,9,12,6,93,90,2,2,17,114,33,5,0,7,2,0,0
928,294824,20,1,17,0,19,64,67,253,2,7,4,46,45,6,3,6,152,8,2,1,10,4,2,0
929,294761,3,0,7,0,19,150,122,582,22,33,11,81,77,8,5,16,138,12,7,0,17,4,0,0
930,294824,2,1,9,0,24,148,136,360,5,8,11,99,96,11,11,8,63,7,3,0,21,1,0,0
931,294307,6,1,,0,13,209,148,495,17,18,11,111,107,8,6,18,115,14,7,0,20,2,1,0
932,294307,2,1,,0,18,154,114,352,10,14,6,89,86,2,2,13,155,18,9,0,11,0,1,0
933,294417,23,1,8,0,30,196,127,458,8,22,6,94,91,4,4,11,128,36,3,3,13,0,1,0
934,294417,3,1,9,0,31,159,130,640,18,36,10,100,96,4,3,14,136,22,2,0,10,1,1,0
935,268583,8,3,,0,26,212,167,559,12,21,13,131,127,2,2,14,103,17,8,0,8,5,0,0
936,294418,23,1,,0,20,130,89,405,7,15,6,64,61,1,1,20,231,39,4,0,9,3,0,0
937,268583,32,1,,0,19,139,113,412,15,17,10,76,72,8,6,22,183,21,4,0,13,1,0,0
938,294308,6,0,,0,9,159,96,458,12,22,9,65,65,3,3,19,96,10,4,1,11,1,1,0
939,294418,3,0,,0,31,237,182,557,14,39,9,152,149,6,5,12,88,15,7,1,13,1,0,0
940,294308,20,2,,0,21,103,90,218,6,10,4,72,71,5,5,12,99,22,14,0,10,0,1,0
941,268585,8,10,8,0,30,99,90,235,1,11,3,78,78,3,2,6,67,13,8,0,9,1,0,1
942,268585,32,4,13,0,21,97,76,218,6,13,5,48,47,5,4,11,122,11,5,1,8,2,1,0
943,294727,10,5,,0,17,143,119,581,12,27,12,68,62,3,3,13,80,14,5,0,15,1,1,0
944,294727,81,1,,0,18,80,82,362,7,14,8,48,47,2,1,14,99,27,11,0,6,3,1,0
945,268587,8,2,,0,21,148,109,430,9,17,6,76,74,5,3,22,110,15,11,0,14,0,1,0
946,268587,32,5,,0,23,142,119,350,2,15,8,85,83,3,2,17,106,17,7,2,5,2,0,0
947,294419,1,4,,0,20,136,118,383,5,15,6,75,75,3,2,11,196,26,7,0,6,0,0,0
948,294419,10,5,,0,20,183,177,353,6,26,7,137,136,6,4,11,104,15,5,1,16,0,1,0
949,294986,4,2,,0,16,174,109,333,5,14,10,79,75,4,3,14,200,15,6,0,11,2,1,0
950,294986,81,2,,0,17,144,146,293,7,15,8,122,119,7,6,11,126,14,9,1,14,1,0,0
951,294420,9,2,,0,15,101,120,344,8,21,12,90,86,4,3,15,83,11,6,2,13,0,1,0
952,294420,8,1,,0,19,118,91,305,15,11,7,57,57,3,3,9,123,21,11,1,8,2,1,0
953,294309,6,2,,0,9,215,150,556,13,23,14,113,108,3,3,21,98,30,9,0,5,0,0,0
954,294309,8,0,,0,14,182,123,652,27,30,18,76,74,2,2,12,162,23,8,0,9,1,0,0
955,295825,7,1,9,0,19,69,56,106,2,5,3,40,34,8,7,12,189,25,10,0,12,2,0,0
956,295827,81,1,,0,14,97,75,333,11,25,4,59,58,6,5,11,141,10,6,1,10,3,2,0
957,295825,11,3,7,0,17,234,171,526,17,25,14,129,126,6,6,18,53,5,4,0,8,1,0,0
958,295827,11,2,,0,19,167,106,307,3,10,3,87,83,9,9,9,93,25,5,0,13,3,1,0
959,294424,4,3,,0,23,272,194,442,9,25,14,144,141,1,1,11,110,24,10,1,9,2,0,0
960,294424,8,0,,0,24,154,120,496,18,24,7,77,73,6,5,15,191,25,4,0,9,0,1,0
961,294423,1,1,,0,18,242,176,779,20,34,19,112,104,10,7,20,122,17,4,0,14,0,0,0
962,294423,15,0,,0,24,132,101,362,4,17,4,82,79,0,0,11,160,34,10,1,8,2,1,0
963,294987,4,1,10,0,33,177,139,401,12,16,10,92,83,3,1,15,171,18,5,1,14,0,0,0
964,294987,5,1,3,0,27,166,148,494,12,18,10,116,114,6,4,20,129,16,5,0,11,1,0,0
965,297137,29,3,9,0,19,150,137,504,5,21,6,104,100,6,5,17,75,17,3,0,12,2,0,0
966,297137,25,3,10,0,20,79,67,208,6,17,8,51,48,5,5,8,161,21,5,0,11,1,0,0
967,298546,23,3,,0,40,144,103,514,8,20,5,66,64,0,0,13,166,38,10,0,14,1,0,0
968,298546,20,1,,0,28,191,155,513,8,38,17,118,113,3,1,21,104,20,2,0,12,2,0,0
969,299245,7,3,,0,14,71,76,197,2,6,0,59,58,7,7,18,116,30,3,1,12,2,0,0
970,299245,27,5,,1,23,148,116,346,2,30,9,87,84,5,4,7,89,6,11,0,8,2,0,0
971,298547,23,2,,0,21,148,111,292,6,18,8,78,73,5,3,10,139,25,2,0,15,1,1,0
972,298547,20,2,,0,22,139,135,455,10,25,16,94,89,7,7,8,124,18,3,1,11,1,1,0
973,296320,8,0,,0,20,141,96,523,14,19,13,54,47,4,3,19,123,29,9,1,10,2,1,0
974,296320,9,2,,0,22,177,147,511,15,29,18,100,93,5,4,13,69,19,7,0,14,5,0,1
975,298659,25,1,,0,17,96,91,193,1,12,3,79,75,3,3,16,161,26,10,1,11,0,1,0
976,298659,2,1,,0,16,212,143,559,11,26,10,104,100,10,10,18,105,12,4,0,17,0,1,0
977,296321,8,0,,0,18,204,124,564,13,23,8,82,79,6,6,15,142,21,6,1,12,1,0,0
978,296321,9,0,,0,12,176,143,444,8,21,13,94,93,3,2,13,111,23,5,2,8,2,0,0
979,299070,15,0,,0,22,135,96,455,12,31,5,64,61,3,2,17,99,11,4,0,7,3,0,0
980,299070,7,5,,0,24,83,87,269,5,11,4,68,63,8,8,13,115,31,7,3,8,1,0,0
981,298567,6,2,9,0,19,160,124,444,17,13,9,84,82,1,1,18,126,41,6,2,5,8,0,0
982,298567,8,1,6,0,25,224,148,671,23,41,12,94,88,5,5,22,118,13,7,0,9,3,0,0
983,298566,5,1,,0,29,174,142,455,13,23,17,104,99,9,9,17,147,18,3,0,15,3,0,0
984,298566,10,0,,0,21,161,142,441,14,18,12,101,93,2,2,15,153,23,5,2,9,5,0,0
985,296322,8,0,,0,19,230,167,808,22,39,15,93,91,5,4,18,153,31,4,0,13,1,0,0
986,296322,6,0,,0,21,188,145,504,13,31,10,106,104,3,2,19,139,39,10,0,10,2,0,0
987,298571,10,2,,1,23,98,91,400,16,32,2,61,60,2,2,10,169,36,6,2,9,1,0,0
988,298571,5,1,,0,18,200,169,578,22,36,18,116,112,6,5,13,90,32,5,2,17,3,1,0
989,298573,6,4,,0,13,108,100,253,10,16,6,77,73,3,3,12,103,17,9,3,9,2,0,0
990,298573,5,2,,0,15,112,98,225,3,17,3,78,76,8,8,17,117,16,7,1,11,3,0,0
991,296323,8,2,7,0,11,198,147,662,24,40,9,98,94,2,2,18,176,30,2,0,13,3,0,0
992,296323,10,2,14,0,22,222,156,478,14,30,10,127,122,1,1,11,137,40,5,2,5,1,0,0
993,296324,8,0,3,0,10,257,215,624,19,39,14,158,155,5,5,17,61,12,9,0,13,1,0,0
994,296324,5,1,10,0,18,64,59,258,9,12,3,44,41,5,5,15,235,39,6,0,7,1,1,0
995,298574,5,3,13,0,20,95,74,282,9,9,3,55,52,7,7,11,144,19,8,0,10,1,1,0
996,298574,6,2,10,0,14,196,122,352,12,19,7,97,91,4,4,18,74,9,9,0,12,3,0,0
997,298575,10,2,,0,22,138,127,399,8,24,9,102,98,4,4,19,104,23,4,1,11,5,0,0
998,298575,8,0,,0,20,126,108,483,15,23,9,75,73,6,5,16,151,24,9,0,13,2,1,0
999,299416,20,0,9,0,20,173,149,481,6,19,9,112,107,6,4,17,178,23,7,0,13,5,0,0
1000,299416,6,1,10,0,22,219,155,605,18,23,12,114,111,1,1,19,156,19,4,1,10,1,1,0
1001,301022,12,0,,0,24,83,78,222,6,13,3,56,51,5,1,15,178,29,7,1,6,7,1,0
1002,301022,11,0,,0,31,185,147,432,13,29,12,110,106,9,7,13,94,13,10,2,15,2,0,0
1003,299415,9,3,,1,23,127,103,415,15,24,7,58,57,6,5,23,103,11,8,0,9,1,0,0
1004,299415,10,2,,0,20,131,102,231,5,11,4,82,78,5,3,11,88,24,7,5,16,1,0,0
1005,295097,23,0,,0,21,153,112,434,11,24,12,70,61,1,1,16,111,25,8,1,5,3,0,0
1006,295097,8,1,,0,29,156,126,522,18,25,9,83,78,3,2,20,114,24,3,0,10,1,0,0
1007,296611,1,3,,0,22,127,103,385,11,18,5,78,77,7,6,16,202,32,2,0,8,0,1,0
1008,296611,23,1,,0,13,239,188,549,18,32,12,138,133,1,1,13,116,18,7,0,10,1,0,0
1009,299419,20,1,,0,18,85,77,178,4,17,6,61,59,5,4,13,117,47,6,2,8,3,0,0
1010,299419,8,0,,0,26,194,146,827,27,47,18,80,80,8,7,15,81,17,5,0,18,0,0,0
1011,296612,1,5,6,0,24,143,116,425,12,29,7,86,84,4,4,16,107,16,9,0,9,0,0,0
1012,296612,6,2,10,0,24,126,106,399,9,16,7,83,78,4,3,15,125,29,3,0,12,1,0,0
1013,299078,4,3,,0,28,125,103,266,9,16,8,84,79,6,6,13,144,29,9,2,12,0,0,0
1014,299078,5,3,,0,24,185,139,335,7,29,7,110,104,4,3,18,105,16,8,0,5,1,0,0
1015,299417,3,1,,0,14,268,190,655,17,33,7,146,145,5,3,15,101,8,9,0,9,3,1,0
1016,299417,11,1,,0,17,95,83,189,2,8,2,72,69,4,4,11,233,33,11,1,8,0,0,0
1017,299418,9,1,,0,11,141,142,352,8,33,7,115,109,8,7,21,92,23,6,0,14,1,0,0
1018,299418,14,4,,0,17,124,97,433,16,23,11,60,58,2,1,17,158,33,13,0,7,3,0,0
1019,295098,9,4,,2,31,174,146,487,6,21,13,104,102,3,1,18,103,14,5,0,9,0,0,0
1020,295098,4,3,,0,26,81,92,384,7,14,6,71,67,1,1,19,188,21,10,1,4,3,0,0
1021,281641,3,4,4,0,29,125,100,194,5,11,3,81,78,7,7,14,135,16,8,0,10,2,0,0
1022,281641,8,1,12,0,13,191,120,514,8,16,9,83,80,5,3,17,97,11,3,0,12,3,1,0
1023,295099,2,0,,0,28,183,132,454,16,24,9,92,89,5,4,8,167,23,4,0,12,1,1,0
1024,295099,20,1,,0,21,180,146,427,8,23,12,108,102,4,3,13,153,24,3,3,13,0,0,0
1025,295100,3,2,,0,31,202,160,332,6,28,2,138,136,4,3,14,130,13,3,0,11,1,0,0
1026,295100,1,3,,0,32,113,105,247,6,13,5,82,82,4,4,11,209,28,5,0,8,2,1,0
1027,236313,8,2,14,1,47,161,117,387,5,20,3,93,89,5,4,10,83,3,4,1,11,0,1,0
1028,236319,6,1,10,0,25,139,115,425,4,15,3,84,80,2,2,15,118,27,4,1,7,3,0,0
1029,236313,5,6,6,0,40,79,76,149,3,3,0,62,56,11,10,12,131,20,7,0,13,4,1,0
1030,236319,8,4,7,1,30,151,121,513,19,27,10,90,83,3,2,14,116,15,3,0,14,0,1,0
1031,236307,5,7,10,2,46,167,157,543,6,20,7,126,118,11,8,16,123,13,4,0,12,0,0,0
1032,236307,4,4,12,1,44,152,106,294,2,13,3,90,80,2,2,13,197,20,3,0,10,2,0,0
1033,182007,9,5,10,0,24,94,90,268,2,11,6,67,62,2,1,17,197,23,4,0,10,3,0,0
1034,182002,6,7,,0,28,114,72,221,4,15,5,56,52,9,6,11,134,11,5,1,11,3,2,0
1035,182007,3,4,14,1,36,213,172,423,2,23,3,152,146,5,5,8,99,11,9,0,10,1,0,0
1036,236317,10,1,,1,32,245,184,560,7,32,10,147,141,0,0,17,104,17,5,1,13,1,1,0
1037,182002,4,3,,0,28,123,108,289,4,11,6,85,77,3,3,9,84,15,9,3,8,1,1,0
1038,236317,5,5,,0,44,134,96,367,8,17,3,70,67,6,6,10,195,32,4,0,15,1,0,0
1039,182005,23,3,8,0,24,147,141,372,4,18,14,109,102,7,6,12,138,19,8,0,9,1,0,0
1040,236315,10,5,,0,38,191,144,577,18,33,7,111,103,2,0,21,97,28,5,0,9,2,1,0
1041,295103,1,2,4,0,47,155,127,431,9,16,7,90,88,3,2,21,181,33,6,0,10,2,0,0
1042,182005,11,2,7,0,29,154,126,358,5,19,5,101,99,4,3,13,142,18,5,0,9,0,1,0
1043,236315,6,2,,1,38,142,100,358,8,28,6,77,75,7,6,12,157,33,4,2,12,1,0,0
1044,236309,10,6,15,1,22,168,122,590,7,27,5,97,91,3,3,15,114,21,5,0,7,1,1,0
1045,236311,6,2,,0,28,134,112,345,7,17,6,83,80,7,6,17,86,10,3,0,10,1,0,0
1046,295103,9,1,6,0,35,168,163,557,22,33,20,111,108,3,3,21,125,16,6,1,9,3,1,0
1047,236309,3,4,12,0,30,158,108,308,3,21,4,97,92,4,3,12,118,27,7,1,10,0,0,0
1048,236311,2,5,,0,26,101,79,250,6,10,6,62,60,3,3,8,117,17,7,0,7,1,1,0
1049,182000,81,1,,1,35,163,136,554,11,50,9,92,87,11,10,20,71,10,9,0,15,2,1,0
1050,182008,20,2,9,0,36,108,74,311,7,21,11,48,45,6,5,13,146,7,5,0,13,3,0,0
1051,182000,82,3,,1,47,72,69,278,2,10,5,46,43,5,4,14,132,50,7,1,10,4,3,0
1052,182008,12,1,9,0,37,133,131,315,4,7,7,101,97,10,7,15,63,21,6,1,16,2,1,0
1053,295101,2,2,7,0,21,181,138,388,7,23,7,104,101,2,2,14,202,26,4,0,7,3,0,0
1054,295101,3,1,6,0,24,184,158,365,10,26,2,137,134,6,5,16,156,23,10,0,11,0,0,0
1055,181996,3,5,10,0,43,154,126,388,4,20,2,112,110,4,3,14,106,10,5,1,10,0,1,0
1056,181996,20,4,9,0,28,165,121,372,1,10,10,84,82,7,2,11,152,20,4,0,12,5,0,0
1057,182001,8,0,11,0,25,171,118,506,8,21,7,77,72,5,4,15,153,15,3,0,9,0,1,0
1058,236305,9,3,,0,28,158,108,410,7,20,10,87,83,5,3,11,95,24,4,0,10,4,1,0
1059,181998,25,4,16,0,28,160,110,527,5,19,4,80,75,0,0,11,98,9,9,1,8,0,1,0
1060,182001,16,3,7,0,26,139,132,242,2,15,6,112,110,2,1,10,110,21,11,0,7,3,1,0
1061,182004,15,3,20,0,20,141,106,462,9,28,11,71,67,5,4,14,83,18,3,1,8,0,0,0
1062,236305,8,1,,1,39,173,109,732,14,24,7,79,75,4,4,12,116,20,3,0,9,1,0,0
1063,295104,9,2,,0,27,137,143,520,17,35,14,100,97,7,7,12,204,27,5,0,11,0,1,0
1064,181998,12,3,10,0,29,84,83,274,2,9,4,66,65,8,5,16,118,19,5,1,13,0,1,0
1065,182004,2,7,13,0,28,92,93,257,9,18,7,66,61,12,11,8,98,28,3,0,14,1,1,0
1066,181993,23,6,,0,31,182,141,343,6,25,3,123,119,5,5,14,115,31,11,0,12,1,0,0
1067,295104,2,2,,0,18,253,169,558,12,27,7,145,138,2,2,16,156,35,5,1,17,2,0,0
1068,181993,15,0,,0,16,147,120,502,6,31,13,83,79,2,2,22,160,25,4,1,5,0,3,0
1069,181999,5,0,,0,34,156,119,561,13,30,7,86,84,10,8,11,137,10,9,1,15,1,0,0
1070,181999,11,2,,0,28,129,97,299,3,10,2,87,81,0,0,10,134,30,6,0,10,0,0,0
1071,181997,14,0,10,0,28,137,108,530,9,27,10,73,69,4,3,15,69,17,9,0,12,3,1,0
1072,295102,20,2,,0,23,115,106,306,5,13,5,78,73,7,4,14,162,17,5,1,10,1,0,0
1073,181997,29,2,15,0,27,72,85,242,3,17,7,63,54,10,8,12,105,27,2,4,16,2,1,1
1074,295102,4,4,,1,29,183,130,387,4,17,5,110,109,4,2,15,122,13,6,0,9,4,0,0
1075,181995,10,5,,0,19,129,110,628,13,35,8,59,58,1,0,12,125,30,2,2,10,1,0,0
1076,181994,2,4,,0,29,121,101,350,2,11,5,83,79,4,2,13,166,17,0,2,12,3,1,0
1077,181995,16,4,,0,14,186,139,448,5,30,19,100,93,2,2,13,80,35,6,1,6,2,0,0
1078,181994,5,4,,1,41,156,131,435,5,17,4,103,102,5,5,10,119,11,7,0,7,2,1,0
1079,182006,10,2,,0,16,233,173,1015,18,59,17,99,96,5,4,22,71,7,6,0,7,1,1,0
1080,295105,4,3,,0,34,162,167,368,5,15,8,142,139,4,3,14,136,14,5,1,10,3,0,0
1081,182006,82,0,,0,22,87,78,316,6,7,7,50,44,3,3,21,160,59,7,2,11,0,2,0
1082,295105,1,3,,0,33,103,98,284,6,14,3,80,79,5,4,13,227,15,2,1,4,0,0,0
1083,181991,81,1,,0,38,49,59,96,2,4,4,42,37,8,5,11,117,26,8,2,11,6,0,0
1084,181991,8,0,,0,28,209,131,732,12,26,9,75,73,1,1,25,64,4,8,0,13,1,0,0
1085,181988,82,0,,0,26,97,81,287,5,13,8,51,48,7,6,12,111,36,4,2,9,3,0,0
1086,181988,16,3,,0,30,168,123,684,14,36,15,75,71,5,5,16,66,13,7,0,13,2,0,0
1087,181990,25,2,,1,27,141,120,424,3,23,8,81,77,1,0,17,133,22,8,0,6,2,1,0
1088,181990,9,2,,0,34,143,119,499,6,22,5,84,79,9,6,13,110,23,7,3,14,0,0,0
1089,181987,3,2,7,0,36,225,148,573,6,27,7,103,99,10,9,12,100,7,5,0,15,0,0,0
1090,181987,12,1,12,0,32,98,98,278,1,7,4,79,73,3,3,10,163,27,3,0,10,2,1,0
1091,181984,25,3,12,0,26,178,130,497,12,31,4,103,99,0,0,15,90,18,8,0,15,0,0,0
1092,181984,20,4,9,1,40,127,89,369,5,18,8,62,56,7,4,12,151,31,8,1,15,0,0,0
1093,181985,6,0,,0,22,161,114,796,19,46,8,69,67,7,7,21,101,13,7,0,14,0,1,0
1094,181986,2,4,,0,29,113,114,324,8,22,8,80,76,9,9,12,124,12,7,2,14,1,0,0
1095,181985,29,1,,0,26,74,98,196,2,13,5,76,75,8,6,14,102,46,6,2,8,6,0,0
1096,181983,15,5,13,0,23,108,88,233,2,11,13,65,62,1,0,9,169,41,8,0,10,6,0,0
1097,181986,11,3,,0,32,124,106,337,4,12,4,89,88,4,3,10,105,22,4,0,6,5,0,0
1098,181983,5,4,15,0,38,194,148,668,13,41,10,109,104,13,13,14,106,11,2,0,12,0,0,0
1099,295108,1,1,,0,24,154,120,643,22,24,8,82,82,5,3,16,176,23,2,0,11,0,0,0
1100,295108,20,0,,0,20,174,160,373,5,23,6,131,128,3,2,13,132,24,7,2,12,0,0,0
1101,181981,10,2,,1,26,190,135,678,11,27,19,79,78,6,5,14,107,32,2,2,15,0,0,0
1102,181981,81,3,,1,34,130,102,314,3,32,13,75,72,4,4,11,123,27,3,1,10,3,1,0
1103,181980,82,3,,0,15,36,30,57,1,5,1,26,25,5,3,13,111,23,9,3,7,1,1,0
1104,181980,8,1,,0,25,169,120,564,10,23,7,79,76,5,4,15,35,5,11,0,10,1,0,0
1105,181971,81,4,14,0,36,53,59,210,3,14,10,33,32,8,6,14,201,16,9,2,10,2,1,0
1106,181971,16,1,14,0,26,173,160,395,4,16,7,125,120,6,5,16,48,14,4,0,15,2,0,0
1107,181977,6,3,,0,32,117,88,376,3,15,2,67,63,7,7,13,124,21,4,1,15,4,1,0
1108,181977,14,2,,0,36,160,117,320,5,21,11,81,75,5,5,13,86,15,2,0,17,2,1,0
1109,181975,15,6,,0,39,123,113,436,8,29,7,88,85,6,6,12,115,19,8,0,19,1,0,0
1110,181978,23,3,11,0,10,169,144,352,3,12,6,125,123,5,3,19,111,16,2,0,10,0,1,0
1111,181975,11,2,,0,30,131,100,379,8,19,5,77,71,2,1,11,117,29,5,0,9,4,0,0
1112,181978,2,5,9,0,30,118,100,347,6,16,8,69,68,4,4,5,197,12,8,1,7,1,0,0
1113,181972,9,8,,0,28,157,107,431,7,23,10,71,68,8,8,12,109,15,4,0,12,2,0,0
1114,181972,20,2,,0,26,107,94,298,2,15,3,78,70,5,5,10,120,23,3,5,13,1,0,0
1115,181976,10,3,,0,39,141,116,366,4,18,6,81,77,3,2,10,133,36,7,0,10,1,1,0
1116,181976,8,4,,0,33,233,161,543,12,36,20,108,105,6,6,19,100,18,5,0,18,1,2,0
1117,181973,25,1,8,0,24,136,124,477,3,14,7,94,89,3,3,15,161,29,4,0,12,5,1,0
1118,181973,3,1,11,0,43,212,147,732,14,29,5,113,110,5,5,12,153,14,8,0,10,0,1,0
1119,181979,9,1,13,0,31,135,109,503,9,27,5,75,68,10,9,16,80,6,4,1,13,2,0,0
1120,181979,12,3,9,1,37,82,76,163,2,6,4,61,57,3,3,7,101,27,6,2,7,5,1,0
1121,181970,23,6,,0,36,124,95,370,3,16,0,83,81,5,4,7,127,26,7,0,12,1,0,0
1122,181970,5,2,,0,35,171,138,451,7,26,10,106,101,6,5,11,102,16,2,0,15,0,1,0
1123,295109,3,0,,0,20,204,154,386,8,33,5,120,116,6,6,15,105,26,7,2,17,1,0,0
1124,295109,9,0,,0,21,100,89,138,3,26,6,63,61,4,3,13,205,33,7,1,10,3,1,0
1125,240809,14,2,13,0,18,91,71,428,8,25,9,40,36,0,0,14,93,34,11,1,9,2,2,0
1126,240809,11,0,8,0,16,120,88,339,5,34,4,71,66,0,0,17,62,25,5,1,18,1,0,0
1127,295110,20,4,5,0,28,163,144,387,3,28,6,114,110,7,7,13,105,25,5,1,18,2,0,0
1128,295110,9,1,14,1,31,87,88,392,5,25,6,60,59,3,3,12,179,28,6,0,9,4,1,0
1129,298890,5,2,,0,29,134,107,309,8,14,7,90,85,6,6,22,80,18,10,0,10,0,0,0
1130,298890,4,3,,0,27,83,77,219,6,18,6,50,47,5,4,15,129,14,7,1,11,2,1,0
1131,240803,25,2,9,0,18,114,90,385,7,24,4,66,60,0,0,26,112,23,6,0,10,2,1,0
1132,240803,15,6,8,0,36,120,99,310,2,23,6,76,74,0,0,13,101,24,8,2,5,3,0,0
1133,240805,16,4,10,0,22,106,112,580,17,34,20,73,71,0,0,12,88,14,5,0,12,2,0,0
1134,240805,11,2,14,0,18,127,83,288,5,14,4,70,64,0,0,9,111,34,3,0,15,1,1,0
1135,295111,4,6,,0,26,65,60,118,3,8,1,48,45,5,4,8,177,11,9,2,11,1,0,0
1136,295111,3,0,,0,18,131,120,227,3,11,2,101,100,11,8,20,87,8,3,0,15,2,0,0
1137,295112,1,1,5,0,29,205,177,674,24,45,10,124,121,11,11,18,115,35,1,0,16,0,0,0
1138,295112,2,1,6,0,34,117,105,494,11,35,7,79,77,4,4,11,199,45,7,0,8,1,0,0
1139,192975,14,0,,0,12,217,154,754,8,25,18,92,84,1,1,32,61,18,10,0,11,3,1,0
1140,192975,160,0,,0,17,115,89,333,7,18,22,52,45,0,0,17,125,25,5,7,9,1,1,0
1141,175505,20,6,,0,21,93,77,354,5,12,7,66,61,6,6,9,122,15,10,2,9,1,0,0
1142,175505,2,3,,0,16,139,117,408,8,15,10,92,90,5,4,18,83,12,2,0,16,2,0,0
1143,175503,20,3,,0,22,139,105,417,4,15,11,82,74,4,3,18,135,21,6,1,8,3,0,0
1144,175503,15,3,,1,21,133,129,543,16,21,18,92,90,4,4,14,94,15,2,2,8,3,1,0
1145,175501,15,4,,0,28,87,71,358,8,17,12,37,36,3,3,11,95,17,7,1,8,0,0,0
1146,175501,2,5,,0,22,128,105,322,7,17,15,73,71,5,5,17,62,17,5,0,16,1,0,0
1147,299248,3,0,,0,22,224,184,649,13,38,5,149,148,4,4,12,152,22,6,0,9,0,0,0
1148,299248,20,0,,0,11,204,146,417,5,22,12,114,110,2,2,16,209,38,6,1,7,3,0,0
1149,93502,9,3,6,2,43,55,57,218,3,6,2,51,46,8,8,15,130,9,6,0,12,1,0,0
1150,93502,4,4,8,2,33,152,124,265,2,9,3,117,114,2,2,15,54,6,7,1,13,6,0,1
1151,93500,6,2,5,0,38,69,57,284,2,5,5,52,45,1,1,11,151,13,13,1,8,5,0,0
1152,302006,28,2,,0,17,72,81,299,1,14,5,59,57,5,3,11,132,21,2,2,9,3,1,0
1153,93500,5,4,4,2,33,203,141,488,1,13,17,128,115,5,5,24,54,5,7,0,14,0,0,0
1154,302006,12,2,,0,17,151,115,264,2,21,9,83,79,11,8,13,88,14,8,0,18,1,0,0
1155,93504,6,5,10,1,31,105,83,393,2,4,8,60,55,0,0,15,143,3,5,0,9,2,0,0
1156,93504,4,4,10,1,35,164,146,297,2,3,17,123,119,4,4,14,79,4,7,1,14,0,0,0
1157,93499,1,0,6,1,22,168,103,335,4,14,11,87,84,2,2,22,100,9,9,1,13,3,0,0
1158,93498,3,1,8,0,30,169,136,351,1,8,10,130,126,4,4,14,100,11,3,0,16,1,0,0
1159,93499,9,4,12,2,23,97,94,266,1,9,10,86,82,4,3,11,96,13,12,1,8,2,0,0
1160,93498,4,3,8,0,34,118,95,293,2,11,0,92,85,3,3,9,150,8,5,1,7,2,0,0
1161,93497,3,6,14,1,25,127,97,436,4,7,10,76,74,1,1,12,53,0,5,1,10,0,0,0
1162,93497,20,3,13,0,20,60,51,164,0,0,1,44,41,7,6,10,103,7,7,3,12,2,0,0
1163,93493,1,6,13,3,30,71,66,298,1,4,6,58,54,8,7,13,83,5,4,4,13,2,0,0
1164,93490,15,0,10,0,31,198,140,447,2,15,15,120,111,3,3,20,70,6,7,0,12,3,0,1
1165,93493,2,3,14,2,34,106,73,306,0,5,7,64,56,1,1,16,55,4,8,1,10,1,0,0
1166,93492,9,3,12,0,25,106,85,366,1,17,11,67,63,1,1,14,123,15,10,1,5,2,1,0
1167,93490,5,5,11,1,31,90,64,196,1,6,9,62,56,9,9,15,149,15,8,0,11,3,1,0
1168,93492,16,8,10,1,28,112,121,490,4,15,6,94,92,1,1,15,68,17,4,0,6,1,1,0
1169,93494,10,5,8,0,32,92,75,375,3,17,6,64,56,4,4,15,85,9,13,0,8,4,0,0
1170,93494,81,1,16,0,27,99,91,165,0,9,10,71,65,5,5,13,75,17,9,2,7,3,0,0
1171,93488,20,1,8,0,29,82,78,267,4,10,13,61,57,5,5,13,115,13,14,2,10,5,0,0
1172,93488,11,1,21,0,23,160,106,222,1,13,9,99,92,2,2,11,70,10,3,0,10,1,1,0
1173,93496,14,1,10,0,26,125,114,368,3,9,12,91,84,3,3,19,81,17,5,2,13,4,0,0
1174,93489,81,8,10,1,23,101,91,271,1,12,11,80,76,6,5,14,56,4,8,2,9,4,0,0
1175,93496,4,1,17,0,29,148,100,674,5,18,10,79,71,2,2,12,123,9,11,1,8,1,0,0
1176,93489,12,5,13,0,26,68,52,134,0,4,8,38,34,7,6,21,86,12,8,0,10,3,0,0
1177,93485,10,6,9,2,37,71,83,199,1,6,4,87,83,0,0,11,111,12,5,1,7,5,0,0
1178,93485,2,3,12,4,34,157,111,359,1,12,7,113,102,0,0,12,85,6,4,2,10,2,0,0
1179,93487,25,3,12,0,24,131,116,312,3,13,0,86,80,3,3,12,94,13,14,0,8,3,0,0
1180,93487,23,3,9,1,22,153,105,365,8,13,0,80,74,4,2,17,126,14,7,0,10,2,0,0
1181,93483,14,1,10,0,20,116,93,256,3,18,8,80,76,0,0,20,66,12,7,5,13,1,0,0
1182,93483,15,6,7,2,29,108,78,436,2,12,8,54,50,3,3,19,111,18,9,0,7,1,0,0
1183,93491,6,0,9,0,18,134,97,570,9,18,12,67,66,3,3,13,87,6,3,2,7,4,0,0
1184,93491,57,0,4,1,26,79,91,319,3,6,5,74,70,2,2,7,75,18,9,0,7,4,0,0
1185,93486,82,2,11,0,25,53,31,147,1,1,1,34,32,1,1,12,128,38,4,3,11,2,1,0
1186,93486,4,1,10,0,21,210,153,941,10,38,16,114,109,2,2,14,32,1,10,1,10,2,0,0
1187,93474,15,3,14,0,22,148,151,396,2,14,8,129,121,1,1,14,116,18,5,0,12,3,0,0
1188,93474,4,5,14,1,24,125,104,341,2,18,17,87,78,1,1,13,181,14,5,2,9,2,0,0
1189,93478,23,1,12,0,24,150,108,364,6,15,5,83,73,6,6,20,71,14,7,1,16,2,1,0
1190,93484,3,1,11,0,23,181,132,676,6,27,17,108,105,4,3,13,42,5,5,1,12,2,0,0
1191,93478,16,4,16,0,19,56,61,255,2,14,7,58,53,2,2,15,113,15,9,2,3,3,2,0
1192,93480,6,0,4,0,20,121,86,643,6,15,10,52,51,4,3,15,87,6,11,0,11,1,0,0
1193,93484,57,0,13,0,28,56,44,259,3,5,1,37,33,3,3,7,120,27,6,2,13,6,1,0
1194,93480,11,0,13,0,20,83,82,119,1,6,4,77,72,6,6,10,70,15,9,0,8,2,1,0
1195,93475,1,1,14,0,19,141,103,588,8,23,20,72,70,4,4,19,127,7,8,1,10,1,1,0
1196,93475,81,6,10,0,18,111,107,321,2,7,8,85,82,5,3,17,92,23,10,0,8,2,0,0
1197,93477,20,1,7,0,22,127,103,418,4,14,19,72,66,5,4,16,99,14,13,1,9,1,1,0
1198,93481,1,1,13,0,22,156,95,679,9,23,17,67,63,4,2,14,84,2,7,1,12,1,0,0
1199,93477,57,0,12,0,17,120,96,390,2,14,7,78,75,1,1,18,96,14,5,1,7,4,0,0
1200,93481,12,5,11,0,15,58,76,180,1,2,6,67,64,4,0,16,76,23,8,0,5,6,0,0
1201,93473,6,4,12,0,14,78,68,247,1,6,4,59,51,2,2,16,82,6,8,1,9,2,0,0
1202,93473,3,7,8,1,27,84,70,222,4,6,4,68,66,1,1,9,67,6,12,0,5,2,0,0
1203,93476,25,5,10,3,30,78,70,254,1,6,7,69,66,3,3,6,94,18,6,1,6,2,0,0
1204,93476,9,6,9,1,30,134,106,353,3,18,8,90,87,5,5,16,77,6,8,0,13,1,0,0
1205,93469,57,5,11,0,25,76,71,247,2,12,2,64,62,0,0,11,138,15,7,2,6,7,0,0
1206,93468,81,2,14,2,29,45,66,172,0,4,2,58,55,6,4,8,94,12,7,0,13,2,0,0
1207,93469,11,5,11,1,30,152,121,369,2,15,9,101,95,4,4,15,75,12,5,1,12,0,0,0
1208,93468,2,7,6,1,29,133,87,331,2,12,11,76,74,4,4,17,70,4,4,0,15,1,0,0
1209,93479,82,0,15,0,30,85,61,203,2,11,5,50,44,1,1,12,92,30,11,3,8,4,0,0
1210,93479,5,1,6,0,27,134,116,819,7,30,18,83,78,6,6,18,61,11,6,0,15,3,0,0
1211,93472,14,1,11,0,20,127,120,411,0,16,15,101,95,0,0,16,118,25,5,4,8,1,0,0
1212,93472,5,5,7,1,25,194,137,665,4,25,17,102,94,7,5,17,125,16,9,0,7,1,0,0
1213,93465,5,1,10,1,38,115,88,229,2,6,6,77,70,4,4,8,145,10,5,0,9,2,0,0
1214,93467,25,2,12,0,25,80,72,289,2,16,9,55,50,5,5,13,102,10,7,2,8,1,0,0
1215,93465,4,5,5,2,33,151,130,356,3,9,6,115,109,2,1,14,88,6,7,1,15,2,0,0
1216,93467,16,4,11,0,18,112,99,315,3,10,8,86,81,3,3,14,72,16,9,0,10,1,0,0
1217,93462,10,9,15,1,26,71,73,243,3,18,4,69,67,5,5,6,71,5,3,0,8,0,0,0
1218,93471,10,3,9,0,19,165,141,731,10,28,8,107,101,7,7,16,53,5,6,0,13,0,0,0
1219,93462,1,7,11,0,29,110,66,240,1,5,3,63,61,5,4,5,79,18,3,0,11,1,1,0
1220,93471,12,2,17,0,19,60,61,233,1,5,7,42,40,3,3,9,144,28,6,2,6,2,1,0
1221,93464,3,5,9,0,24,111,93,302,2,8,1,89,85,9,8,15,71,3,5,1,17,0,0,0
1222,93466,82,0,15,0,18,94,78,300,4,8,7,59,55,2,1,16,81,20,6,4,7,10,1,0
1223,93464,11,2,13,0,27,80,50,158,1,3,0,59,56,1,1,6,94,8,5,2,12,3,0,0
1224,93466,15,3,12,0,18,116,103,610,6,20,12,77,74,5,2,20,83,8,10,1,8,1,1,0
1225,93463,6,3,16,0,28,138,109,459,5,12,7,96,88,3,3,15,71,1,5,1,9,1,0,0
1226,93463,20,3,9,0,35,58,66,197,1,1,9,53,49,6,5,18,133,12,6,0,17,3,0,0
1227,93459,12,6,12,1,20,55,81,184,0,4,12,61,57,4,4,11,103,23,7,2,7,1,0,0
1228,93461,9,3,10,0,23,99,92,514,6,12,16,59,54,5,5,15,103,8,13,0,12,1,0,0
1229,93459,2,5,11,0,20,126,101,496,4,23,12,80,75,1,1,11,76,4,6,1,11,1,0,0
1230,93461,23,4,12,0,23,137,104,430,4,8,6,93,90,1,1,14,80,12,6,1,7,0,0,0
1231,93460,14,3,6,0,29,87,76,387,1,8,12,59,56,1,1,12,78,9,11,0,8,3,0,0
1232,93460,82,3,9,3,24,121,96,473,3,9,12,62,59,0,0,24,69,8,11,0,9,1,0,0
1233,113666,6,4,8,0,18,140,101,516,8,18,9,80,75,0,0,17,85,16,6,3,5,2,0,0
1234,113666,8,4,14,0,11,127,88,451,10,16,9,66,60,2,1,16,95,17,6,2,8,3,0,0
1235,301327,5,1,,0,22,145,104,291,10,15,5,77,76,6,5,14,112,26,11,0,15,2,1,0
1236,301327,6,1,,0,14,159,118,296,13,26,9,77,74,2,1,19,112,15,3,0,11,1,1,0
1237,298216,6,1,9,0,12,167,151,490,8,41,7,113,105,10,10,14,79,24,3,0,19,2,0,0
1238,298216,14,3,12,0,19,91,66,341,7,24,3,50,48,1,1,12,170,41,4,0,11,0,1,0
1239,99928,6,5,0,0,19,104,76,394,5,13,5,67,61,1,1,15,59,7,12,1,9,5,0,0
1240,99928,8,6,0,0,22,95,68,261,7,7,11,47,43,1,1,14,89,13,9,0,7,1,1,0
1241,298217,10,5,,0,25,113,113,308,7,12,8,85,84,7,7,14,105,25,6,1,13,0,0,0
1242,298217,9,3,,1,23,110,120,435,15,25,13,71,68,4,3,16,123,12,2,1,4,2,0,0
1243,301256,8,5,8,0,21,227,154,401,16,28,11,114,112,2,2,19,106,11,4,0,10,2,0,0
1244,301256,5,4,11,0,30,114,100,237,4,11,8,78,75,1,1,13,153,28,7,1,7,2,0,0
1245,298218,8,4,,0,30,143,110,367,12,35,8,77,77,3,3,13,126,28,8,0,7,2,0,0
1246,298218,5,2,,1,24,119,104,370,7,28,2,91,87,5,5,18,108,35,5,1,9,0,0,0
1247,301736,6,4,,0,23,151,126,445,13,26,8,84,79,3,2,24,133,34,11,0,6,1,0,0
1248,301736,10,1,,0,19,192,151,516,10,34,20,81,77,4,4,30,123,26,7,2,14,2,0,0
1249,25727,6,1,12,0,31,56,63,278,2,7,5,46,42,0,0,13,107,7,7,2,8,2,0,0
1250,25727,8,4,6,0,36,48,85,298,4,6,7,68,65,0,0,12,69,10,10,0,14,3,0,0
1251,298220,3,2,,0,39,95,122,393,13,17,2,99,96,8,6,12,135,8,10,0,12,0,1,0
1252,298220,2,1,,0,27,180,120,301,3,8,5,99,94,6,6,16,163,17,1,1,14,1,0,0
1253,299232,9,1,,0,26,172,173,639,15,33,19,123,118,5,5,17,143,17,6,1,9,2,0,0
1254,298227,10,1,,0,26,146,109,373,7,7,2,79,76,5,5,18,102,28,7,0,15,0,0,0
1255,299232,2,1,,0,26,150,123,374,8,17,6,100,97,6,6,17,179,33,3,2,11,1,1,0
1256,298227,16,0,,0,21,102,95,217,9,28,8,66,62,7,7,12,129,7,8,1,14,2,0,0
1257,298221,1,3,10,0,27,147,113,654,16,28,8,73,70,7,6,17,128,19,4,0,14,0,0,0
1258,298221,16,2,9,0,31,106,102,199,1,19,6,82,78,7,4,15,121,28,9,0,14,1,0,0
1259,300723,3,0,,0,25,177,144,431,11,21,6,115,112,4,3,12,133,14,7,0,9,1,0,0
1260,300723,20,0,,0,28,164,121,232,6,14,7,95,92,5,5,10,167,21,4,0,12,3,0,0
1261,301335,10,2,,0,13,147,131,294,11,24,9,107,101,7,7,11,111,25,4,2,14,1,0,0
1262,301257,8,2,9,1,31,130,123,524,14,26,8,81,78,3,3,13,131,19,8,0,9,2,1,0
1263,301335,5,5,,0,24,113,113,382,18,25,9,81,80,7,6,10,156,24,5,0,12,0,1,0
1264,300724,1,3,,1,24,128,120,500,14,31,10,77,76,7,6,12,142,25,9,0,6,1,0,0
1265,301257,6,2,10,0,15,136,118,476,11,19,11,82,74,4,4,24,118,26,5,1,16,2,0,0
1266,298222,81,0,7,0,26,91,88,253,5,15,8,63,62,4,3,18,121,26,5,0,12,3,1,0
1267,300724,4,0,,0,19,158,136,522,12,25,10,93,90,4,3,15,139,31,2,0,10,2,0,0
1268,298222,4,1,10,0,28,147,114,483,15,26,6,75,69,5,5,13,88,15,6,1,13,0,0,0
1269,298231,6,2,,0,20,156,161,569,12,31,11,123,122,4,3,17,92,15,3,1,12,0,0,0
1270,298231,4,4,,3,30,108,94,351,9,15,5,66,64,3,3,9,183,31,5,1,7,2,0,0
1271,301737,6,3,4,0,12,204,196,703,22,38,13,150,146,1,1,14,110,30,3,0,10,1,0,0
1272,298226,1,0,4,0,28,221,157,639,24,53,14,110,105,9,8,23,61,18,8,0,16,1,0,0
1273,301737,8,0,8,0,16,188,123,492,16,30,11,74,72,0,0,14,198,38,6,0,4,0,0,1
1274,298226,11,0,11,0,24,57,56,233,4,18,2,40,37,4,2,18,169,53,9,1,8,2,0,1
1275,298233,9,0,,0,25,152,140,472,14,32,14,99,94,6,4,18,97,13,3,1,10,0,0,0
1276,298233,11,3,,0,24,90,82,177,2,13,3,70,67,6,6,14,148,32,8,2,15,2,0,0
1277,300727,1,1,6,0,29,171,125,458,13,38,13,85,81,4,3,12,122,17,8,0,15,0,1,0
1278,300727,3,1,5,0,19,138,103,255,6,17,2,81,76,3,2,19,116,38,3,0,10,5,0,0
1279,300729,4,2,,0,18,163,141,378,7,12,9,105,103,6,4,16,96,22,9,1,10,1,1,0
1280,300729,3,2,,0,23,124,92,314,7,22,9,74,71,1,1,15,154,12,10,0,6,1,0,0
1281,298235,14,0,8,0,21,155,109,559,19,41,10,57,56,1,0,16,86,16,6,0,13,1,0,0
1282,298235,81,2,13,0,19,72,90,343,10,16,7,51,46,5,3,12,94,41,6,2,10,0,0,0
1283,298236,3,0,6,0,25,181,158,589,16,23,13,112,107,7,6,22,95,11,4,0,14,1,0,0
1284,298236,57,1,10,1,26,101,77,150,2,11,1,54,53,1,0,16,188,23,13,0,8,2,2,0
1285,25512,15,1,12,0,21,91,0,378,4,12,8,53,47,0,0,19,77,17,12,0,8,9,0,0
1286,25512,5,3,5,0,32,143,0,652,9,13,12,53,49,6,6,17,77,11,20,0,8,1,0,0
1287,298237,20,1,,0,24,134,111,257,8,17,15,70,66,5,2,12,129,20,7,0,14,2,0,1
1288,298237,5,2,,0,36,137,127,568,12,20,10,80,79,10,10,14,112,17,6,0,16,0,0,0
1289,300730,1,4,,0,29,202,153,512,12,36,7,110,108,7,6,17,149,20,9,0,7,0,0,0
1290,300730,20,0,,0,19,153,122,228,4,20,6,102,101,3,2,15,182,36,7,0,12,6,0,0
1291,301282,8,0,,0,21,193,141,1089,36,37,15,82,77,3,2,12,116,10,5,0,6,0,0,0
1292,301282,16,0,,0,14,109,100,254,5,10,4,89,84,2,2,15,113,37,4,2,6,2,1,0
1293,298239,10,1,,0,34,115,99,256,5,17,5,75,75,4,3,15,162,28,1,1,12,2,0,1
1294,298239,1,2,,0,32,175,134,433,8,28,8,103,99,7,7,10,108,17,8,1,11,2,0,0
1295,300731,3,0,,0,21,171,138,250,9,15,5,113,112,8,6,7,112,8,13,1,10,2,0,0
1296,300731,4,2,,0,14,131,96,257,7,8,5,71,69,5,3,11,195,15,3,0,8,0,1,0
1297,298242,9,4,,0,26,104,113,564,14,30,14,64,60,5,3,22,134,20,2,0,11,0,0,0
1298,298242,16,0,,0,23,111,114,255,5,20,4,93,89,8,7,11,108,30,11,0,14,2,0,0
1299,298215,23,2,,0,33,183,141,653,16,48,9,98,96,1,1,21,134,21,4,0,13,1,0,0
1300,298215,57,1,,0,39,101,112,289,11,21,4,92,89,1,1,17,144,48,13,0,8,1,0,0
1301,298244,10,0,,0,29,168,138,588,19,48,12,85,82,5,5,13,149,27,3,0,13,1,0,0
1302,298244,11,0,,0,18,170,124,290,6,27,5,99,97,7,7,15,129,48,7,0,15,5,0,0
1303,298245,57,0,,0,22,108,86,229,3,3,4,69,68,2,1,13,131,42,7,0,10,3,0,0
1304,298245,2,0,,0,30,214,157,879,24,42,6,96,96,5,5,17,98,3,7,0,9,1,0,0
1305,298252,16,1,3,0,26,171,155,672,15,43,16,95,89,4,4,21,148,20,8,0,12,1,0,0
1306,298252,11,0,6,0,29,167,124,374,7,20,7,91,88,6,5,16,151,43,6,0,15,2,0,0
1307,298228,23,6,6,1,19,201,157,503,5,18,4,116,115,2,0,13,176,14,6,0,7,1,0,0
1308,298228,3,0,9,0,19,166,133,318,10,14,6,109,107,4,4,15,171,18,6,1,9,2,0,0
1309,298246,14,0,10,0,19,167,117,465,8,32,7,80,77,5,5,14,72,19,8,0,14,1,2,0
1310,298246,4,1,9,0,23,121,83,384,9,19,5,47,46,5,5,15,126,32,10,0,7,1,2,0
1311,298254,23,2,,0,10,204,150,559,13,33,8,121,114,4,1,14,148,29,6,1,4,1,0,0
1312,298254,2,0,,0,21,163,111,375,11,29,7,90,87,4,4,13,199,33,6,1,11,0,0,0
1313,298247,6,1,,0,10,197,174,535,10,30,7,127,123,8,8,22,47,8,3,0,18,1,1,0
1314,298247,81,1,,0,14,40,47,218,3,8,0,30,27,1,0,11,218,30,9,3,6,5,0,0
1315,298576,5,3,,0,20,141,116,387,8,24,8,91,84,4,4,16,93,16,4,0,11,2,0,0
1316,298576,8,2,,1,21,80,75,260,4,16,1,54,50,8,7,11,147,24,9,0,13,2,0,0
1317,23706,8,6,9,0,35,168,133,579,15,21,18,73,64,0,0,29,58,13,20,0,18,1,0,0
1318,23706,5,3,14,2,43,97,83,373,6,13,11,50,46,0,0,27,108,21,7,1,10,1,0,0
1319,23707,6,7,12,0,29,128,94,351,10,28,6,74,70,0,0,13,82,14,7,0,12,1,1,0
1320,23707,9,4,16,0,18,91,79,292,3,14,6,53,49,0,0,19,115,28,7,0,12,2,1,0
1321,23700,6,8,16,1,54,133,93,421,8,23,9,64,60,0,0,13,114,18,11,0,21,0,0,0
1322,23700,5,6,15,1,50,137,114,436,6,18,16,81,78,0,0,18,94,23,7,0,21,2,0,0
1323,23693,10,7,16,0,26,101,91,343,8,20,14,54,52,0,0,12,113,14,9,0,9,3,2,0
1324,23693,3,7,17,1,26,123,104,388,8,14,13,74,70,0,0,11,80,20,8,1,14,1,0,0
1325,23702,9,3,20,2,34,83,76,453,6,12,6,56,50,0,0,12,91,29,4,1,8,3,2,0
1326,23702,8,4,9,0,23,138,95,456,14,29,15,59,56,0,0,16,75,12,7,1,13,2,0,0
1327,23696,1,7,6,0,31,140,115,545,8,23,14,68,58,0,0,25,45,8,6,0,22,2,0,0
1328,23696,5,5,17,5,54,86,64,228,1,8,11,40,37,0,0,11,92,23,11,2,14,0,0,0
1329,23664,8,4,10,0,25,134,87,569,23,31,8,46,44,0,0,19,77,16,9,0,17,1,0,0
1330,23664,16,3,12,0,23,63,70,244,3,16,8,52,47,0,0,15,88,31,8,1,9,4,2,0
1331,23676,5,0,7,0,21,170,140,469,10,21,25,91,86,0,0,22,44,4,15,0,27,7,0,0
1332,23676,18,1,21,0,39,38,43,133,0,4,2,23,23,0,0,8,142,21,12,4,3,3,2,0
1333,23684,10,7,19,0,28,72,63,272,9,16,7,33,27,0,0,18,86,18,12,1,13,0,0,0
1334,23684,23,4,18,0,19,157,98,302,8,18,21,58,54,0,0,22,59,16,9,1,15,4,0,0
1335,23698,10,4,9,0,23,115,97,358,5,20,12,62,59,0,0,17,76,20,8,1,14,1,0,0
1336,23698,9,4,16,0,28,101,98,454,10,20,19,58,56,0,0,14,82,20,9,0,10,1,0,0
1337,22953,8,4,9,1,30,98,72,429,12,21,16,37,34,0,0,17,37,11,7,0,15,3,0,0
1338,22953,4,2,9,1,30,52,51,236,2,11,7,20,15,0,0,16,59,21,10,0,15,3,0,0
1339,22951,3,1,9,0,28,46,52,182,6,21,4,37,35,0,0,10,101,34,13,0,8,2,0,0
1340,22948,10,4,16,0,24,86,84,304,5,16,15,37,33,0,0,20,65,24,13,2,9,3,0,0
1341,22951,23,0,7,0,16,176,116,504,12,34,22,68,60,0,0,22,57,21,10,0,16,3,0,0
1342,22948,15,5,11,0,26,95,79,378,8,24,25,37,33,0,0,15,64,16,13,2,12,2,0,0
1343,22960,23,1,1,0,18,93,71,351,6,13,14,39,31,0,0,22,56,67,10,0,14,4,0,0
1344,22960,8,0,16,0,26,159,120,1280,57,67,28,35,33,0,0,16,61,13,4,0,4,1,0,0
